path,relative_path,folder,filename,file_size_kb,dark_ratio_pct,white_ratio_pct,issues
C:\Users\Gebruiker\Desktop\colorvaults\Geupload\Ancient Mythology\Classical_Columns_1784881364177.webp,Ancient Mythology\Classical_Columns_1784881364177.webp,Ancient Mythology,Classical_Columns_1784881364177.webp,27.0,6.8%,77.3%,TOO_SMALL (27.0KB)
C:\Users\Gebruiker\Desktop\colorvaults\Geupload\Animals\Bear_on_Ice.webp,Animals\Bear_on_Ice.webp,Animals,Bear_on_Ice.webp,36.2,3.7%,90.8%,TOO_SMALL (36.2KB)
C:\Users\Gebruiker\Desktop\colorvaults\Geupload\Animals\Bear_on_Ice_Floe.webp,Animals\Bear_on_Ice_Floe.webp,Animals,Bear_on_Ice_Floe.webp,36.0,3.7%,90.8%,TOO_SMALL (36.0KB)
C:\Users\Gebruiker\Desktop\colorvaults\Geupload\Architecture\City_Skyline_at_Sunset.webp,Architecture\City_Skyline_at_Sunset.webp,Architecture,City_Skyline_at_Sunset.webp,38.5,1.5%,79.1%,TOO_SMALL (38.5KB)
C:\Users\Gebruiker\Desktop\colorvaults\Geupload\Birds\Bulldozer_and_Bird.webp,Birds\Bulldozer_and_Bird.webp,Birds,Bulldozer_and_Bird.webp,30.9,6.0%,85.4%,TOO_SMALL (30.9KB)
C:\Users\Gebruiker\Desktop\colorvaults\Geupload\Birds\Bulldozer_and_Bird_1.webp,Birds\Bulldozer_and_Bird_1.webp,Birds,Bulldozer_and_Bird_1.webp,30.6,6.0%,85.4%,TOO_SMALL (30.6KB)
C:\Users\Gebruiker\Desktop\colorvaults\Geupload\Birds\Parrot_Perched_1784878097740.webp,Birds\Parrot_Perched_1784878097740.webp,Birds,Parrot_Perched_1784878097740.webp,35.3,3.9%,91.4%,TOO_SMALL (35.3KB)
C:\Users\Gebruiker\Desktop\colorvaults\Geupload\Birds\Parrot_Perched_1784878097740_1.webp,Birds\Parrot_Perched_1784878097740_1.webp,Birds,Parrot_Perched_1784878097740_1.webp,35.2,3.9%,91.4%,TOO_SMALL (35.2KB)
C:\Users\Gebruiker\Desktop\colorvaults\Geupload\Birds\Penguin_in_winter_attire_1784880603446.webp,Birds\Penguin_in_winter_attire_1784880603446.webp,Birds,Penguin_in_winter_attire_1784880603446.webp,35.5,5.5%,89.3%,TOO_SMALL (35.5KB)
C:\Users\Gebruiker\Desktop\colorvaults\Geupload\Birds\Penguin_Perched.webp,Birds\Penguin_Perched.webp,Birds,Penguin_Perched.webp,34.0,3.0%,91.2%,TOO_SMALL (34.0KB)
C:\Users\Gebruiker\Desktop\colorvaults\Geupload\Birds\Penguin_sits_on_ice.webp,Birds\Penguin_sits_on_ice.webp,Birds,Penguin_sits_on_ice.webp,37.3,3.2%,89.7%,TOO_SMALL (37.3KB)
C:\Users\Gebruiker\Desktop\colorvaults\Geupload\Birds\Penguin_sits_on_ice_1.webp,Birds\Penguin_sits_on_ice_1.webp,Birds,Penguin_sits_on_ice_1.webp,38.2,2.1%,90.3%,TOO_SMALL (38.2KB)
C:\Users\Gebruiker\Desktop\colorvaults\Geupload\Birds\Penguin_sits_on_ring.webp,Birds\Penguin_sits_on_ring.webp,Birds,Penguin_sits_on_ring.webp,34.7,2.1%,90.4%,TOO_SMALL (34.7KB)
C:\Users\Gebruiker\Desktop\colorvaults\Geupload\Birds\Winter_Penguin_1784880603446.webp,Birds\Winter_Penguin_1784880603446.webp,Birds,Winter_Penguin_1784880603446.webp,35.1,5.5%,89.3%,TOO_SMALL (35.1KB)
C:\Users\Gebruiker\Desktop\colorvaults\Geupload\Bold And Easy\A_cheerful_home_on_a_sunny_day_1787736267685.webp,Bold And Easy\A_cheerful_home_on_a_sunny_day_1787736267685.webp,Bold And Easy,A_cheerful_home_on_a_sunny_day_1787736267685.webp,29.7,7.4%,84.7%,TOO_SMALL (29.7KB)
C:\Users\Gebruiker\Desktop\colorvaults\Geupload\Bold And Easy\Smiling_Apple_1787736350511.webp,Bold And Easy\Smiling_Apple_1787736350511.webp,Bold And Easy,Smiling_Apple_1787736350511.webp,28.7,6.1%,88.5%,TOO_SMALL (28.7KB)
C:\Users\Gebruiker\Desktop\colorvaults\Geupload\Bold And Easy\Smiling_Apple_and_Sun_1787736340443.webp,Bold And Easy\Smiling_Apple_and_Sun_1787736340443.webp,Bold And Easy,Smiling_Apple_and_Sun_1787736340443.webp,32.3,3.9%,90.8%,TOO_SMALL (32.3KB)
C:\Users\Gebruiker\Desktop\colorvaults\Geupload\Bold And Easy\Smiling_Apple_and_Sun_1787736360580.webp,Bold And Easy\Smiling_Apple_and_Sun_1787736360580.webp,Bold And Easy,Smiling_Apple_and_Sun_1787736360580.webp,28.9,4.6%,90.5%,TOO_SMALL (28.9KB)
C:\Users\Gebruiker\Desktop\colorvaults\Geupload\Bold And Easy\Smiling_Apple_and_Two_Sun_Illustration_1787736322067.webp,Bold And Easy\Smiling_Apple_and_Two_Sun_Illustration_1787736322067.webp,Bold And Easy,Smiling_Apple_and_Two_Sun_Illustration_1787736322067.webp,32.8,3.9%,90.7%,TOO_SMALL (32.8KB)
C:\Users\Gebruiker\Desktop\colorvaults\Geupload\Bold And Easy\Smiling_Apple_Coloring_Page_1787736332145.webp,Bold And Easy\Smiling_Apple_Coloring_Page_1787736332145.webp,Bold And Easy,Smiling_Apple_Coloring_Page_1787736332145.webp,26.5,5.9%,89.0%,TOO_SMALL (26.5KB)
C:\Users\Gebruiker\Desktop\colorvaults\Geupload\Bold And Easy\Teddy_Bear_Holding_Heart_Under_Sun_1787736166431.webp,Bold And Easy\Teddy_Bear_Holding_Heart_Under_Sun_1787736166431.webp,Bold And Easy,Teddy_Bear_Holding_Heart_Under_Sun_1787736166431.webp,38.7,5.4%,88.2%,TOO_SMALL (38.7KB)
C:\Users\Gebruiker\Desktop\colorvaults\Geupload\Botanical Gardens\Clover_Hearts_1784879571068.webp,Botanical Gardens\Clover_Hearts_1784879571068.webp,Botanical Gardens,Clover_Hearts_1784879571068.webp,29.1,3.8%,92.0%,TOO_SMALL (29.1KB)
C:\Users\Gebruiker\Desktop\colorvaults\Geupload\Botanical Gardens\Smiling_Plant_1784879522789.webp,Botanical Gardens\Smiling_Plant_1784879522789.webp,Botanical Gardens,Smiling_Plant_1784879522789.webp,36.8,4.0%,90.2%,TOO_SMALL (36.8KB)
C:\Users\Gebruiker\Desktop\colorvaults\Geupload\Bumba\Clown_Juggling_1787737853949.webp,Bumba\Clown_Juggling_1787737853949.webp,Bumba,Clown_Juggling_1787737853949.webp,32.5,3.5%,90.0%,TOO_SMALL (32.5KB)
C:\Users\Gebruiker\Desktop\colorvaults\Geupload\Bumba\Clown_Juggling_Circles_1787737904577.webp,Bumba\Clown_Juggling_Circles_1787737904577.webp,Bumba,Clown_Juggling_Circles_1787737904577.webp,39.5,4.2%,88.7%,TOO_SMALL (39.5KB)
C:\Users\Gebruiker\Desktop\colorvaults\Geupload\Bumba\Clown_on_Platform_1787737756907.webp,Bumba\Clown_on_Platform_1787737756907.webp,Bumba,Clown_on_Platform_1787737756907.webp,37.6,4.1%,88.4%,TOO_SMALL (37.6KB)
C:\Users\Gebruiker\Desktop\colorvaults\Geupload\Bumba\Clown_waving_at_the_audience_1787738141813.webp,Bumba\Clown_waving_at_the_audience_1787738141813.webp,Bumba,Clown_waving_at_the_audience_1787738141813.webp,35.1,3.9%,90.2%,TOO_SMALL (35.1KB)
C:\Users\Gebruiker\Desktop\colorvaults\Geupload\Bumba\Clown_with_Party_Hat_1787738046731.webp,Bumba\Clown_with_Party_Hat_1787738046731.webp,Bumba,Clown_with_Party_Hat_1787738046731.webp,38.3,5.6%,87.7%,TOO_SMALL (38.3KB)
C:\Users\Gebruiker\Desktop\colorvaults\Geupload\Butterflies Insects\Bee_Inside_Jar_1784876956732.webp,Butterflies Insects\Bee_Inside_Jar_1784876956732.webp,Butterflies Insects,Bee_Inside_Jar_1784876956732.webp,37.1,4.8%,88.0%,TOO_SMALL (37.1KB)
C:\Users\Gebruiker\Desktop\colorvaults\Geupload\Butterflies Insects\Bee_Inside_Jar_1784876956732_1.webp,Butterflies Insects\Bee_Inside_Jar_1784876956732_1.webp,Butterflies Insects,Bee_Inside_Jar_1784876956732_1.webp,37.1,4.8%,88.0%,TOO_SMALL (37.1KB)
C:\Users\Gebruiker\Desktop\colorvaults\Geupload\Butterflies Insects\Bee_with_Toy_Truck_1787739606273.webp,Butterflies Insects\Bee_with_Toy_Truck_1787739606273.webp,Butterflies Insects,Bee_with_Toy_Truck_1787739606273.webp,37.1,3.0%,84.3%,TOO_SMALL (37.1KB)
C:\Users\Gebruiker\Desktop\colorvaults\Geupload\Butterflies Insects\Ladybug_Resting.webp,Butterflies Insects\Ladybug_Resting.webp,Butterflies Insects,Ladybug_Resting.webp,31.1,2.2%,91.6%,TOO_SMALL (31.1KB)
C:\Users\Gebruiker\Desktop\colorvaults\Geupload\Butterflies Insects\Ladybug_Rocket_Ship.webp,Butterflies Insects\Ladybug_Rocket_Ship.webp,Butterflies Insects,Ladybug_Rocket_Ship.webp,39.9,2.2%,89.9%,TOO_SMALL (39.9KB)
C:\Users\Gebruiker\Desktop\colorvaults\Geupload\Butterflies Insects\Smiling_Face_and_Butterfly_Coloring_Page.webp,Butterflies Insects\Smiling_Face_and_Butterfly_Coloring_Page.webp,Butterflies Insects,Smiling_Face_and_Butterfly_Coloring_Page.webp,32.9,4.1%,90.7%,TOO_SMALL (32.9KB)
C:\Users\Gebruiker\Desktop\colorvaults\Geupload\Butterflies Insects\Smiling_Face_and_Butterfly_Coloring_Page_1.webp,Butterflies Insects\Smiling_Face_and_Butterfly_Coloring_Page_1.webp,Butterflies Insects,Smiling_Face_and_Butterfly_Coloring_Page_1.webp,33.0,4.1%,90.7%,TOO_SMALL (33.0KB)
C:\Users\Gebruiker\Desktop\colorvaults\Geupload\Cars Trucks\A_sailboat_on_wavy_water_under_a_happy_sun_1787736184804.webp,Cars Trucks\A_sailboat_on_wavy_water_under_a_happy_sun_1787736184804.webp,Cars Trucks,A_sailboat_on_wavy_water_under_a_happy_sun_1787736184804.webp,38.2,2.8%,88.4%,TOO_SMALL (38.2KB)
C:\Users\Gebruiker\Desktop\colorvaults\Geupload\Cars Trucks\A_sailboat_on_wavy_water_under_a_happy_sun_1787736223102.webp,Cars Trucks\A_sailboat_on_wavy_water_under_a_happy_sun_1787736223102.webp,Cars Trucks,A_sailboat_on_wavy_water_under_a_happy_sun_1787736223102.webp,29.0,1.3%,91.1%,TOO_SMALL (29.0KB)
C:\Users\Gebruiker\Desktop\colorvaults\Geupload\Cars Trucks\A_simple_black-and-white_outline_of_a_sailboat_1787736215035.webp,Cars Trucks\A_simple_black-and-white_outline_of_a_sailboat_1787736215035.webp,Cars Trucks,A_simple_black-and-white_outline_of_a_sailboat_1787736215035.webp,25.7,3.2%,90.9%,TOO_SMALL (25.7KB)
C:\Users\Gebruiker\Desktop\colorvaults\Geupload\Cars Trucks\Boat_Adventure.webp,Cars Trucks\Boat_Adventure.webp,Cars Trucks,Boat_Adventure.webp,40.0,4.0%,86.3%,TOO_SMALL (40.0KB)
C:\Users\Gebruiker\Desktop\colorvaults\Geupload\Cars Trucks\Boat_sailing_with_flag.webp,Cars Trucks\Boat_sailing_with_flag.webp,Cars Trucks,Boat_sailing_with_flag.webp,35.1,1.9%,88.0%,TOO_SMALL (35.1KB)
C:\Users\Gebruiker\Desktop\colorvaults\Geupload\Cars Trucks\Boat_with_flag_and_circular_windows.webp,Cars Trucks\Boat_with_flag_and_circular_windows.webp,Cars Trucks,Boat_with_flag_and_circular_windows.webp,33.9,3.4%,88.1%,TOO_SMALL (33.9KB)
C:\Users\Gebruiker\Desktop\colorvaults\Geupload\Cars Trucks\Cartoon_Bear_Jumping_Over_Puddle.webp,Cars Trucks\Cartoon_Bear_Jumping_Over_Puddle.webp,Cars Trucks,Cartoon_Bear_Jumping_Over_Puddle.webp,38.4,1.4%,89.5%,TOO_SMALL (38.4KB)
C:\Users\Gebruiker\Desktop\colorvaults\Geupload\Cars Trucks\Cartoon_Bear_with_Kite.webp,Cars Trucks\Cartoon_Bear_with_Kite.webp,Cars Trucks,Cartoon_Bear_with_Kite.webp,37.1,2.9%,90.6%,TOO_SMALL (37.1KB)
C:\Users\Gebruiker\Desktop\colorvaults\Geupload\Cars Trucks\Cartoon_Character_Coloring_Page_1786140756390.webp,Cars Trucks\Cartoon_Character_Coloring_Page_1786140756390.webp,Cars Trucks,Cartoon_Character_Coloring_Page_1786140756390.webp,38.3,4.5%,88.8%,TOO_SMALL (38.3KB)
C:\Users\Gebruiker\Desktop\colorvaults\Geupload\Cars Trucks\Cartoon_Character_Coloring_Page_1786140756390_1.webp,Cars Trucks\Cartoon_Character_Coloring_Page_1786140756390_1.webp,Cars Trucks,Cartoon_Character_Coloring_Page_1786140756390_1.webp,38.2,4.5%,88.8%,TOO_SMALL (38.2KB)
C:\Users\Gebruiker\Desktop\colorvaults\Geupload\Cars Trucks\Cartoon_Character_Holding_Number_Four_1784892093822.webp,Cars Trucks\Cartoon_Character_Holding_Number_Four_1784892093822.webp,Cars Trucks,Cartoon_Character_Holding_Number_Four_1784892093822.webp,33.1,5.1%,88.6%,TOO_SMALL (33.1KB)
C:\Users\Gebruiker\Desktop\colorvaults\Geupload\Cars Trucks\Cartoon_Character_in_Cape.webp,Cars Trucks\Cartoon_Character_in_Cape.webp,Cars Trucks,Cartoon_Character_in_Cape.webp,31.9,4.2%,89.9%,TOO_SMALL (31.9KB)
C:\Users\Gebruiker\Desktop\colorvaults\Geupload\Cars Trucks\Cartoon_Character_Sleeping_1786117405893.webp,Cars Trucks\Cartoon_Character_Sleeping_1786117405893.webp,Cars Trucks,Cartoon_Character_Sleeping_1786117405893.webp,38.1,1.7%,90.4%,TOO_SMALL (38.1KB)
C:\Users\Gebruiker\Desktop\colorvaults\Geupload\Cars Trucks\Cartoon_Character_with_Balloon_1784892045512.webp,Cars Trucks\Cartoon_Character_with_Balloon_1784892045512.webp,Cars Trucks,Cartoon_Character_with_Balloon_1784892045512.webp,27.1,2.9%,92.3%,TOO_SMALL (27.1KB)
C:\Users\Gebruiker\Desktop\colorvaults\Geupload\Cars Trucks\Cartoon_Character_with_Crown_and_Star_1784889835776.webp,Cars Trucks\Cartoon_Character_with_Crown_and_Star_1784889835776.webp,Cars Trucks,Cartoon_Character_with_Crown_and_Star_1784889835776.webp,35.5,2.9%,90.7%,TOO_SMALL (35.5KB)
C:\Users\Gebruiker\Desktop\colorvaults\Geupload\Cars Trucks\Cartoon_Character_with_Crown_and_Star_1784889835776_1.webp,Cars Trucks\Cartoon_Character_with_Crown_and_Star_1784889835776_1.webp,Cars Trucks,Cartoon_Character_with_Crown_and_Star_1784889835776_1.webp,35.5,2.9%,90.7%,TOO_SMALL (35.5KB)
C:\Users\Gebruiker\Desktop\colorvaults\Geupload\Cars Trucks\Cartoon_Character_with_Heart_1784892512262.webp,Cars Trucks\Cartoon_Character_with_Heart_1784892512262.webp,Cars Trucks,Cartoon_Character_with_Heart_1784892512262.webp,38.3,5.3%,88.0%,TOO_SMALL (38.3KB)
C:\Users\Gebruiker\Desktop\colorvaults\Geupload\Cars Trucks\Cartoon_Character_with_Letter_D_1784891985171.webp,Cars Trucks\Cartoon_Character_with_Letter_D_1784891985171.webp,Cars Trucks,Cartoon_Character_with_Letter_D_1784891985171.webp,35.4,4.4%,89.3%,TOO_SMALL (35.4KB)
C:\Users\Gebruiker\Desktop\colorvaults\Geupload\Cars Trucks\Cartoon_Character_with_Letter_D_1784891985171_1.webp,Cars Trucks\Cartoon_Character_with_Letter_D_1784891985171_1.webp,Cars Trucks,Cartoon_Character_with_Letter_D_1784891985171_1.webp,35.4,4.4%,89.3%,TOO_SMALL (35.4KB)
C:\Users\Gebruiker\Desktop\colorvaults\Geupload\Cars Trucks\Cartoon_Character_with_Microphone.webp,Cars Trucks\Cartoon_Character_with_Microphone.webp,Cars Trucks,Cartoon_Character_with_Microphone.webp,39.2,4.0%,88.8%,TOO_SMALL (39.2KB)
C:\Users\Gebruiker\Desktop\colorvaults\Geupload\Cars Trucks\Cartoon_Character_with_Number_Four_1784892093822.webp,Cars Trucks\Cartoon_Character_with_Number_Four_1784892093822.webp,Cars Trucks,Cartoon_Character_with_Number_Four_1784892093822.webp,33.2,5.1%,88.6%,TOO_SMALL (33.2KB)
C:\Users\Gebruiker\Desktop\colorvaults\Geupload\Cars Trucks\Cartoon_Crowned_Character.webp,Cars Trucks\Cartoon_Crowned_Character.webp,Cars Trucks,Cartoon_Crowned_Character.webp,35.6,2.7%,90.8%,TOO_SMALL (35.6KB)
C:\Users\Gebruiker\Desktop\colorvaults\Geupload\Cars Trucks\Cartoon_Frog_Coloring_Page_1787614588745.webp,Cars Trucks\Cartoon_Frog_Coloring_Page_1787614588745.webp,Cars Trucks,Cartoon_Frog_Coloring_Page_1787614588745.webp,36.6,5.5%,88.2%,TOO_SMALL (36.6KB)
C:\Users\Gebruiker\Desktop\colorvaults\Geupload\Cars Trucks\Cartoon_Letter_Character_1784892069676.webp,Cars Trucks\Cartoon_Letter_Character_1784892069676.webp,Cars Trucks,Cartoon_Letter_Character_1784892069676.webp,32.0,4.3%,89.6%,TOO_SMALL (32.0KB)
C:\Users\Gebruiker\Desktop\colorvaults\Geupload\Cars Trucks\Cartoon_Letter_Character_1784892069676_1.webp,Cars Trucks\Cartoon_Letter_Character_1784892069676_1.webp,Cars Trucks,Cartoon_Letter_Character_1784892069676_1.webp,32.1,4.3%,89.6%,TOO_SMALL (32.1KB)
C:\Users\Gebruiker\Desktop\colorvaults\Geupload\Cars Trucks\Cartoon_Monster_with_Scissors_1787743452563.webp,Cars Trucks\Cartoon_Monster_with_Scissors_1787743452563.webp,Cars Trucks,Cartoon_Monster_with_Scissors_1787743452563.webp,33.3,4.9%,89.5%,TOO_SMALL (33.3KB)
C:\Users\Gebruiker\Desktop\colorvaults\Geupload\Cars Trucks\Cartoon_Seal_on_Ice_Floe_1784880639678.webp,Cars Trucks\Cartoon_Seal_on_Ice_Floe_1784880639678.webp,Cars Trucks,Cartoon_Seal_on_Ice_Floe_1784880639678.webp,34.0,4.0%,90.7%,TOO_SMALL (34.0KB)
C:\Users\Gebruiker\Desktop\colorvaults\Geupload\Cars Trucks\Cartoon_Seal_on_Ice_Floe_1784880639678_1.webp,Cars Trucks\Cartoon_Seal_on_Ice_Floe_1784880639678_1.webp,Cars Trucks,Cartoon_Seal_on_Ice_Floe_1784880639678_1.webp,34.1,4.0%,90.7%,TOO_SMALL (34.1KB)
C:\Users\Gebruiker\Desktop\colorvaults\Geupload\Cars Trucks\Cartoon_Snowman_1787614526164.webp,Cars Trucks\Cartoon_Snowman_1787614526164.webp,Cars Trucks,Cartoon_Snowman_1787614526164.webp,32.4,2.9%,91.8%,TOO_SMALL (32.4KB)
C:\Users\Gebruiker\Desktop\colorvaults\Geupload\Cars Trucks\Cartoon_Spider_1785058467259.webp,Cars Trucks\Cartoon_Spider_1785058467259.webp,Cars Trucks,Cartoon_Spider_1785058467259.webp,28.2,3.0%,92.4%,TOO_SMALL (28.2KB)
C:\Users\Gebruiker\Desktop\colorvaults\Geupload\Cars Trucks\Cement_Mixer_Truck_Coloring_Page_1785055859201.webp,Cars Trucks\Cement_Mixer_Truck_Coloring_Page_1785055859201.webp,Cars Trucks,Cement_Mixer_Truck_Coloring_Page_1785055859201.webp,30.2,2.7%,87.5%,TOO_SMALL (30.2KB)
C:\Users\Gebruiker\Desktop\colorvaults\Geupload\Cars Trucks\Coloring_Page_of_a_Tow_Truck_1785055895404.webp,Cars Trucks\Coloring_Page_of_a_Tow_Truck_1785055895404.webp,Cars Trucks,Coloring_Page_of_a_Tow_Truck_1785055895404.webp,38.9,2.2%,86.1%,TOO_SMALL (38.9KB)
C:\Users\Gebruiker\Desktop\colorvaults\Geupload\Cars Trucks\Construction_Worker_Character_in_Motion_1786106514796.webp,Cars Trucks\Construction_Worker_Character_in_Motion_1786106514796.webp,Cars Trucks,Construction_Worker_Character_in_Motion_1786106514796.webp,37.6,2.1%,90.9%,TOO_SMALL (37.6KB)
C:\Users\Gebruiker\Desktop\colorvaults\Geupload\Cars Trucks\Curly_Hair_Cartoon_Character_1786140101236.webp,Cars Trucks\Curly_Hair_Cartoon_Character_1786140101236.webp,Cars Trucks,Curly_Hair_Cartoon_Character_1786140101236.webp,39.3,4.2%,88.7%,TOO_SMALL (39.3KB)
C:\Users\Gebruiker\Desktop\colorvaults\Geupload\Cars Trucks\Dump_Truck_Carrying_Rocks_1785055847120.webp,Cars Trucks\Dump_Truck_Carrying_Rocks_1785055847120.webp,Cars Trucks,Dump_Truck_Carrying_Rocks_1785055847120.webp,24.1,3.2%,89.3%,TOO_SMALL (24.1KB)
C:\Users\Gebruiker\Desktop\colorvaults\Geupload\Cars Trucks\Dump_Truck_Carrying_Rocks_1785055847120_1.webp,Cars Trucks\Dump_Truck_Carrying_Rocks_1785055847120_1.webp,Cars Trucks,Dump_Truck_Carrying_Rocks_1785055847120_1.webp,24.3,3.2%,89.4%,TOO_SMALL (24.3KB)
C:\Users\Gebruiker\Desktop\colorvaults\Geupload\Cars Trucks\Fire_Truck_Ladder.webp,Cars Trucks\Fire_Truck_Ladder.webp,Cars Trucks,Fire_Truck_Ladder.webp,36.3,9.9%,80.9%,TOO_SMALL (36.3KB)
C:\Users\Gebruiker\Desktop\colorvaults\Geupload\Cars Trucks\Garbage_Truck_Dumping_1785055920163.webp,Cars Trucks\Garbage_Truck_Dumping_1785055920163.webp,Cars Trucks,Garbage_Truck_Dumping_1785055920163.webp,37.7,3.0%,84.6%,TOO_SMALL (37.7KB)
C:\Users\Gebruiker\Desktop\colorvaults\Geupload\Cars Trucks\Garbage_Truck_Dumping_1785055920163_1.webp,Cars Trucks\Garbage_Truck_Dumping_1785055920163_1.webp,Cars Trucks,Garbage_Truck_Dumping_1785055920163_1.webp,38.2,3.0%,84.6%,TOO_SMALL (38.2KB)
C:\Users\Gebruiker\Desktop\colorvaults\Geupload\Cars Trucks\Helicopter_Coloring_Page.webp,Cars Trucks\Helicopter_Coloring_Page.webp,Cars Trucks,Helicopter_Coloring_Page.webp,38.4,4.5%,89.6%,TOO_SMALL (38.4KB)
C:\Users\Gebruiker\Desktop\colorvaults\Geupload\Cars Trucks\Party_Character_Holding_Cupcake_1784889799564.webp,Cars Trucks\Party_Character_Holding_Cupcake_1784889799564.webp,Cars Trucks,Party_Character_Holding_Cupcake_1784889799564.webp,38.6,4.1%,89.4%,TOO_SMALL (38.6KB)
C:\Users\Gebruiker\Desktop\colorvaults\Geupload\Cars Trucks\Pear_Character_with_Apple_1784892015354.webp,Cars Trucks\Pear_Character_with_Apple_1784892015354.webp,Cars Trucks,Pear_Character_with_Apple_1784892015354.webp,37.8,4.6%,88.8%,TOO_SMALL (37.8KB)
C:\Users\Gebruiker\Desktop\colorvaults\Geupload\Cars Trucks\Pear_Character_with_Round_Object_1784891967042.webp,Cars Trucks\Pear_Character_with_Round_Object_1784891967042.webp,Cars Trucks,Pear_Character_with_Round_Object_1784891967042.webp,29.5,3.5%,91.2%,TOO_SMALL (29.5KB)
C:\Users\Gebruiker\Desktop\colorvaults\Geupload\Cars Trucks\Pear_Character_with_Round_Object_1784891967042_1.webp,Cars Trucks\Pear_Character_with_Round_Object_1784891967042_1.webp,Cars Trucks,Pear_Character_with_Round_Object_1784891967042_1.webp,29.5,3.5%,91.2%,TOO_SMALL (29.5KB)
C:\Users\Gebruiker\Desktop\colorvaults\Geupload\Cars Trucks\Pear_with_Apple_1784892015354.webp,Cars Trucks\Pear_with_Apple_1784892015354.webp,Cars Trucks,Pear_with_Apple_1784892015354.webp,37.8,4.6%,88.8%,TOO_SMALL (37.8KB)
C:\Users\Gebruiker\Desktop\colorvaults\Geupload\Cars Trucks\Pepper_Face_1786125566806.webp,Cars Trucks\Pepper_Face_1786125566806.webp,Cars Trucks,Pepper_Face_1786125566806.webp,39.7,5.0%,86.9%,TOO_SMALL (39.7KB)
C:\Users\Gebruiker\Desktop\colorvaults\Geupload\Cars Trucks\Potato_Friends_Welcoming_1784892470022.webp,Cars Trucks\Potato_Friends_Welcoming_1784892470022.webp,Cars Trucks,Potato_Friends_Welcoming_1784892470022.webp,37.1,2.0%,89.7%,TOO_SMALL (37.1KB)
C:\Users\Gebruiker\Desktop\colorvaults\Geupload\Cars Trucks\Pumpkin_Animal_1785058425004.webp,Cars Trucks\Pumpkin_Animal_1785058425004.webp,Cars Trucks,Pumpkin_Animal_1785058425004.webp,37.3,4.9%,88.9%,TOO_SMALL (37.3KB)
C:\Users\Gebruiker\Desktop\colorvaults\Geupload\Cars Trucks\Semi_Truck_Cab_Coloring_Page_1785055938269.webp,Cars Trucks\Semi_Truck_Cab_Coloring_Page_1785055938269.webp,Cars Trucks,Semi_Truck_Cab_Coloring_Page_1785055938269.webp,30.9,6.0%,82.6%,TOO_SMALL (30.9KB)
C:\Users\Gebruiker\Desktop\colorvaults\Geupload\Cars Trucks\Semi_Truck_Cab_Coloring_Page_1785055938269_1.webp,Cars Trucks\Semi_Truck_Cab_Coloring_Page_1785055938269_1.webp,Cars Trucks,Semi_Truck_Cab_Coloring_Page_1785055938269_1.webp,31.6,6.7%,82.6%,TOO_SMALL (31.6KB)
C:\Users\Gebruiker\Desktop\colorvaults\Geupload\Cars Trucks\Smiling_Airplane.webp,Cars Trucks\Smiling_Airplane.webp,Cars Trucks,Smiling_Airplane.webp,28.7,3.4%,90.4%,TOO_SMALL (28.7KB)
C:\Users\Gebruiker\Desktop\colorvaults\Geupload\Cars Trucks\Smiling_Bear_and_Beach_Ball.webp,Cars Trucks\Smiling_Bear_and_Beach_Ball.webp,Cars Trucks,Smiling_Bear_and_Beach_Ball.webp,34.5,2.8%,91.0%,TOO_SMALL (34.5KB)
C:\Users\Gebruiker\Desktop\colorvaults\Geupload\Cars Trucks\Smiling_Bubble_Tea_Cup.webp,Cars Trucks\Smiling_Bubble_Tea_Cup.webp,Cars Trucks,Smiling_Bubble_Tea_Cup.webp,32.8,4.5%,88.9%,TOO_SMALL (32.8KB)
C:\Users\Gebruiker\Desktop\colorvaults\Geupload\Cars Trucks\Smiling_Cartoon_Character_1786140101236.webp,Cars Trucks\Smiling_Cartoon_Character_1786140101236.webp,Cars Trucks,Smiling_Cartoon_Character_1786140101236.webp,39.5,4.2%,88.7%,TOO_SMALL (39.5KB)
C:\Users\Gebruiker\Desktop\colorvaults\Geupload\Cars Trucks\Smiling_Cartoon_Pear_1784892117969.webp,Cars Trucks\Smiling_Cartoon_Pear_1784892117969.webp,Cars Trucks,Smiling_Cartoon_Pear_1784892117969.webp,33.3,4.4%,89.6%,TOO_SMALL (33.3KB)
C:\Users\Gebruiker\Desktop\colorvaults\Geupload\Cars Trucks\Smiling_Computer_Monitor_1784881032111.webp,Cars Trucks\Smiling_Computer_Monitor_1784881032111.webp,Cars Trucks,Smiling_Computer_Monitor_1784881032111.webp,35.1,5.9%,87.6%,TOO_SMALL (35.1KB)
C:\Users\Gebruiker\Desktop\colorvaults\Geupload\Cars Trucks\Smiling_Squirrel_with_Nut_1784876944658.webp,Cars Trucks\Smiling_Squirrel_with_Nut_1784876944658.webp,Cars Trucks,Smiling_Squirrel_with_Nut_1784876944658.webp,38.4,5.0%,89.7%,TOO_SMALL (38.4KB)
C:\Users\Gebruiker\Desktop\colorvaults\Geupload\Cars Trucks\Smiling_Squirrel_with_Nut_1784876944658_1.webp,Cars Trucks\Smiling_Squirrel_with_Nut_1784876944658_1.webp,Cars Trucks,Smiling_Squirrel_with_Nut_1784876944658_1.webp,38.4,5.0%,89.7%,TOO_SMALL (38.4KB)
C:\Users\Gebruiker\Desktop\colorvaults\Geupload\Cars Trucks\Tow_Truck_Crane_1785055895404.webp,Cars Trucks\Tow_Truck_Crane_1785055895404.webp,Cars Trucks,Tow_Truck_Crane_1785055895404.webp,39.3,2.2%,86.1%,TOO_SMALL (39.3KB)
C:\Users\Gebruiker\Desktop\colorvaults\Geupload\Cars Trucks\Truck_on_the_road_1.webp,Cars Trucks\Truck_on_the_road_1.webp,Cars Trucks,Truck_on_the_road_1.webp,36.5,2.6%,86.1%,TOO_SMALL (36.5KB)
C:\Users\Gebruiker\Desktop\colorvaults\Geupload\Christmas\A_decorated_bell_1785055629284.webp,Christmas\A_decorated_bell_1785055629284.webp,Christmas,A_decorated_bell_1785055629284.webp,33.4,2.1%,91.8%,TOO_SMALL (33.4KB)
C:\Users\Gebruiker\Desktop\colorvaults\Geupload\Christmas\Snowman_with_arms_outstretched_1784880591364.webp,Christmas\Snowman_with_arms_outstretched_1784880591364.webp,Christmas,Snowman_with_arms_outstretched_1784880591364.webp,33.4,3.6%,91.9%,TOO_SMALL (33.4KB)
C:\Users\Gebruiker\Desktop\colorvaults\Geupload\Cozy Life Hygge\A_cozy_corner_1785057408503.webp,Cozy Life Hygge\A_cozy_corner_1785057408503.webp,Cozy Life Hygge,A_cozy_corner_1785057408503.webp,34.6,1.6%,89.5%,TOO_SMALL (34.6KB)
C:\Users\Gebruiker\Desktop\colorvaults\Geupload\Cozy Life Hygge\Potted_Plant_by_the_Window_1785045797895.webp,Cozy Life Hygge\Potted_Plant_by_the_Window_1785045797895.webp,Cozy Life Hygge,Potted_Plant_by_the_Window_1785045797895.webp,31.5,5.8%,79.5%,TOO_SMALL (31.5KB)
C:\Users\Gebruiker\Desktop\colorvaults\Geupload\Cozy Life Hygge\Potted_Plant_by_the_Window_1785045797895_1.webp,Cozy Life Hygge\Potted_Plant_by_the_Window_1785045797895_1.webp,Cozy Life Hygge,Potted_Plant_by_the_Window_1785045797895_1.webp,30.8,5.8%,79.5%,TOO_SMALL (30.8KB)
C:\Users\Gebruiker\Desktop\colorvaults\Geupload\Cozy Life Hygge\Potted_Plant_by_the_Window_1785057469598.webp,Cozy Life Hygge\Potted_Plant_by_the_Window_1785057469598.webp,Cozy Life Hygge,Potted_Plant_by_the_Window_1785057469598.webp,28.0,5.1%,79.9%,TOO_SMALL (28.0KB)
C:\Users\Gebruiker\Desktop\colorvaults\Geupload\Cozy Life Hygge\Potted_Plant_by_the_Window_1785057469598_1.webp,Cozy Life Hygge\Potted_Plant_by_the_Window_1785057469598_1.webp,Cozy Life Hygge,Potted_Plant_by_the_Window_1785057469598_1.webp,27.1,5.1%,79.9%,TOO_SMALL (27.1KB)
C:\Users\Gebruiker\Desktop\colorvaults\Geupload\Cozy Life Hygge\Vase_with_Plant_on_Hay_1785057518591.webp,Cozy Life Hygge\Vase_with_Plant_on_Hay_1785057518591.webp,Cozy Life Hygge,Vase_with_Plant_on_Hay_1785057518591.webp,35.1,1.9%,90.4%,TOO_SMALL (35.1KB)
C:\Users\Gebruiker\Desktop\colorvaults\Geupload\Cozy Life Hygge\Vase_with_Plant_on_Mound_1785057518591.webp,Cozy Life Hygge\Vase_with_Plant_on_Mound_1785057518591.webp,Cozy Life Hygge,Vase_with_Plant_on_Mound_1785057518591.webp,35.2,1.9%,90.4%,TOO_SMALL (35.2KB)
C:\Users\Gebruiker\Desktop\colorvaults\Geupload\Cozy Life Hygge\Window_and_Bush_1785057426603.webp,Cozy Life Hygge\Window_and_Bush_1785057426603.webp,Cozy Life Hygge,Window_and_Bush_1785057426603.webp,32.1,5.5%,78.6%,TOO_SMALL (32.1KB)
C:\Users\Gebruiker\Desktop\colorvaults\Geupload\Cozy Life Hygge\Window_and_Bush_1785057426603_1.webp,Cozy Life Hygge\Window_and_Bush_1785057426603_1.webp,Cozy Life Hygge,Window_and_Bush_1785057426603_1.webp,31.6,5.5%,78.6%,TOO_SMALL (31.6KB)
C:\Users\Gebruiker\Desktop\colorvaults\Geupload\Cozy Life Hygge\Window_with_Blanket_and_Vase_1785045822040.webp,Cozy Life Hygge\Window_with_Blanket_and_Vase_1785045822040.webp,Cozy Life Hygge,Window_with_Blanket_and_Vase_1785045822040.webp,36.3,4.7%,77.0%,TOO_SMALL (36.3KB)
C:\Users\Gebruiker\Desktop\colorvaults\Geupload\Craft Sketches - Animals\Monkey_Climbing_Branch_1787742751395.webp,Craft Sketches - Animals\Monkey_Climbing_Branch_1787742751395.webp,Craft Sketches - Animals,Monkey_Climbing_Branch_1787742751395.webp,39.8,3.1%,90.3%,TOO_SMALL (39.8KB)
C:\Users\Gebruiker\Desktop\colorvaults\Geupload\Craft Sketches - Food And Sweets\Glass_of_Milkshake_1787742870601.webp,Craft Sketches - Food And Sweets\Glass_of_Milkshake_1787742870601.webp,Craft Sketches - Food And Sweets,Glass_of_Milkshake_1787742870601.webp,35.3,2.8%,88.1%,TOO_SMALL (35.3KB)
C:\Users\Gebruiker\Desktop\colorvaults\Geupload\Craft Sketches - Food And Sweets\Glass_of_Milk_1787742910963.webp,Craft Sketches - Food And Sweets\Glass_of_Milk_1787742910963.webp,Craft Sketches - Food And Sweets,Glass_of_Milk_1787742910963.webp,29.0,5.0%,89.3%,TOO_SMALL (29.0KB)
C:\Users\Gebruiker\Desktop\colorvaults\Geupload\Craft Sketches - Food And Sweets\Milkshake_on_the_go_1787742921058.webp,Craft Sketches - Food And Sweets\Milkshake_on_the_go_1787742921058.webp,Craft Sketches - Food And Sweets,Milkshake_on_the_go_1787742921058.webp,33.9,3.2%,89.0%,TOO_SMALL (33.9KB)
C:\Users\Gebruiker\Desktop\colorvaults\Geupload\Craft Sketches - Food And Sweets\Smiling_Milkshake_1787742941259.webp,Craft Sketches - Food And Sweets\Smiling_Milkshake_1787742941259.webp,Craft Sketches - Food And Sweets,Smiling_Milkshake_1787742941259.webp,24.8,3.6%,91.4%,TOO_SMALL (24.8KB)
C:\Users\Gebruiker\Desktop\colorvaults\Geupload\Craft Sketches - Food And Sweets\Whipped_Cream_Milkshake_1787742860512.webp,Craft Sketches - Food And Sweets\Whipped_Cream_Milkshake_1787742860512.webp,Craft Sketches - Food And Sweets,Whipped_Cream_Milkshake_1787742860512.webp,26.8,2.7%,92.0%,TOO_SMALL (26.8KB)
C:\Users\Gebruiker\Desktop\colorvaults\Geupload\Craft Sketches - Food And Sweets\Whipped_Cream_Milkshake_1787742880699.webp,Craft Sketches - Food And Sweets\Whipped_Cream_Milkshake_1787742880699.webp,Craft Sketches - Food And Sweets,Whipped_Cream_Milkshake_1787742880699.webp,23.2,3.6%,91.9%,TOO_SMALL (23.2KB)
C:\Users\Gebruiker\Desktop\colorvaults\Geupload\Creepy Kawaii\Cloudy_Face.webp,Creepy Kawaii\Cloudy_Face.webp,Creepy Kawaii,Cloudy_Face.webp,21.8,4.0%,92.3%,TOO_SMALL (21.8KB)
C:\Users\Gebruiker\Desktop\colorvaults\Geupload\Creepy Kawaii\Coloring_Page_of_a_Cactus_Plant.webp,Creepy Kawaii\Coloring_Page_of_a_Cactus_Plant.webp,Creepy Kawaii,Coloring_Page_of_a_Cactus_Plant.webp,35.2,5.2%,87.4%,TOO_SMALL (35.2KB)
C:\Users\Gebruiker\Desktop\colorvaults\Geupload\Creepy Kawaii\Coloring_Page_of_a_Cactus_Plant_1.webp,Creepy Kawaii\Coloring_Page_of_a_Cactus_Plant_1.webp,Creepy Kawaii,Coloring_Page_of_a_Cactus_Plant_1.webp,35.2,5.2%,87.4%,TOO_SMALL (35.2KB)
C:\Users\Gebruiker\Desktop\colorvaults\Geupload\Cute Pets Animals\A_contented_feline_naps.webp,Cute Pets Animals\A_contented_feline_naps.webp,Cute Pets Animals,A_contented_feline_naps.webp,31.5,3.1%,90.3%,TOO_SMALL (31.5KB)
C:\Users\Gebruiker\Desktop\colorvaults\Geupload\Cute Pets Animals\Cartoon_Cat_Playing_With_Blocks_1784889841812.webp,Cute Pets Animals\Cartoon_Cat_Playing_With_Blocks_1784889841812.webp,Cute Pets Animals,Cartoon_Cat_Playing_With_Blocks_1784889841812.webp,36.5,3.2%,87.8%,TOO_SMALL (36.5KB)
C:\Users\Gebruiker\Desktop\colorvaults\Geupload\Cute Pets Animals\Cartoon_Dog_and_Beach_Ball_1784889793526.webp,Cute Pets Animals\Cartoon_Dog_and_Beach_Ball_1784889793526.webp,Cute Pets Animals,Cartoon_Dog_and_Beach_Ball_1784889793526.webp,35.2,2.7%,90.7%,TOO_SMALL (35.2KB)
C:\Users\Gebruiker\Desktop\colorvaults\Geupload\Cute Pets Animals\Cartoon_Dog_and_Beach_Ball_1784889793526_1.webp,Cute Pets Animals\Cartoon_Dog_and_Beach_Ball_1784889793526_1.webp,Cute Pets Animals,Cartoon_Dog_and_Beach_Ball_1784889793526_1.webp,35.3,2.7%,90.7%,TOO_SMALL (35.3KB)
C:\Users\Gebruiker\Desktop\colorvaults\Geupload\Cute Pets Animals\Cartoon_Dog_Character_Coloring_Page.webp,Cute Pets Animals\Cartoon_Dog_Character_Coloring_Page.webp,Cute Pets Animals,Cartoon_Dog_Character_Coloring_Page.webp,29.1,3.1%,91.6%,TOO_SMALL (29.1KB)
C:\Users\Gebruiker\Desktop\colorvaults\Geupload\Cute Pets Animals\Cartoon_Dog_Playing_Ball_1787735583183.webp,Cute Pets Animals\Cartoon_Dog_Playing_Ball_1787735583183.webp,Cute Pets Animals,Cartoon_Dog_Playing_Ball_1787735583183.webp,39.7,13.4%,76.2%,TOO_SMALL (39.7KB)
C:\Users\Gebruiker\Desktop\colorvaults\Geupload\Cute Pets Animals\Cartoon_Dog_with_Balloon_1787735412910.webp,Cute Pets Animals\Cartoon_Dog_with_Balloon_1787735412910.webp,Cute Pets Animals,Cartoon_Dog_with_Balloon_1787735412910.webp,25.5,7.4%,85.8%,TOO_SMALL (25.5KB)
C:\Users\Gebruiker\Desktop\colorvaults\Geupload\Cute Pets Animals\Cartoon_Dog_with_Bone_2.webp,Cute Pets Animals\Cartoon_Dog_with_Bone_2.webp,Cute Pets Animals,Cartoon_Dog_with_Bone_2.webp,36.7,3.6%,89.5%,TOO_SMALL (36.7KB)
C:\Users\Gebruiker\Desktop\colorvaults\Geupload\Cute Pets Animals\Cartoon_Dog_with_Bone_3.webp,Cute Pets Animals\Cartoon_Dog_with_Bone_3.webp,Cute Pets Animals,Cartoon_Dog_with_Bone_3.webp,36.7,3.5%,89.5%,TOO_SMALL (36.7KB)
C:\Users\Gebruiker\Desktop\colorvaults\Geupload\Cute Pets Animals\Cartoon_Rabbit_Running_1787742690829.webp,Cute Pets Animals\Cartoon_Rabbit_Running_1787742690829.webp,Cute Pets Animals,Cartoon_Rabbit_Running_1787742690829.webp,35.8,3.6%,90.0%,TOO_SMALL (35.8KB)
C:\Users\Gebruiker\Desktop\colorvaults\Geupload\Cute Pets Animals\Cat_Naps_by_the_Window.webp,Cute Pets Animals\Cat_Naps_by_the_Window.webp,Cute Pets Animals,Cat_Naps_by_the_Window.webp,27.4,3.0%,83.2%,TOO_SMALL (27.4KB)
C:\Users\Gebruiker\Desktop\colorvaults\Geupload\Cute Pets Animals\Cat_Nap_3.webp,Cute Pets Animals\Cat_Nap_3.webp,Cute Pets Animals,Cat_Nap_3.webp,36.4,5.5%,76.1%,TOO_SMALL (36.4KB)
C:\Users\Gebruiker\Desktop\colorvaults\Geupload\Cute Pets Animals\Cat_Nap_9.webp,Cute Pets Animals\Cat_Nap_9.webp,Cute Pets Animals,Cat_Nap_9.webp,35.5,5.5%,76.1%,TOO_SMALL (35.5KB)
C:\Users\Gebruiker\Desktop\colorvaults\Geupload\Cute Pets Animals\Coloring_Page_-_Bus.webp,Cute Pets Animals\Coloring_Page_-_Bus.webp,Cute Pets Animals,Coloring_Page_-_Bus.webp,31.3,5.7%,86.6%,TOO_SMALL (31.3KB)
C:\Users\Gebruiker\Desktop\colorvaults\Geupload\Cute Pets Animals\Dog_in_Trash_Can.webp,Cute Pets Animals\Dog_in_Trash_Can.webp,Cute Pets Animals,Dog_in_Trash_Can.webp,21.1,2.5%,90.1%,TOO_SMALL (21.1KB)
C:\Users\Gebruiker\Desktop\colorvaults\Geupload\Cute Pets Animals\Dog_in_Trash_Can_1.webp,Cute Pets Animals\Dog_in_Trash_Can_1.webp,Cute Pets Animals,Dog_in_Trash_Can_1.webp,21.2,2.5%,90.1%,TOO_SMALL (21.2KB)
C:\Users\Gebruiker\Desktop\colorvaults\Geupload\Cute Pets Animals\Emerging_Chick_1784878049459.webp,Cute Pets Animals\Emerging_Chick_1784878049459.webp,Cute Pets Animals,Emerging_Chick_1784878049459.webp,24.9,2.8%,93.8%,TOO_SMALL (24.9KB)
C:\Users\Gebruiker\Desktop\colorvaults\Geupload\Cute Pets Animals\Emerging_Chick_1784878049459_1.webp,Cute Pets Animals\Emerging_Chick_1784878049459_1.webp,Cute Pets Animals,Emerging_Chick_1784878049459_1.webp,25.0,2.8%,93.8%,TOO_SMALL (25.0KB)
C:\Users\Gebruiker\Desktop\colorvaults\Geupload\Cute Pets Animals\Flower_Outline.webp,Cute Pets Animals\Flower_Outline.webp,Cute Pets Animals,Flower_Outline.webp,26.5,3.4%,92.1%,TOO_SMALL (26.5KB)
C:\Users\Gebruiker\Desktop\colorvaults\Geupload\Cute Pets Animals\Flower_Outline_1.webp,Cute Pets Animals\Flower_Outline_1.webp,Cute Pets Animals,Flower_Outline_1.webp,26.6,3.4%,92.1%,TOO_SMALL (26.6KB)
C:\Users\Gebruiker\Desktop\colorvaults\Geupload\Cute Pets Animals\Friendly_Puppy_Waving_1785061312468.webp,Cute Pets Animals\Friendly_Puppy_Waving_1785061312468.webp,Cute Pets Animals,Friendly_Puppy_Waving_1785061312468.webp,39.0,5.3%,88.0%,TOO_SMALL (39.0KB)
C:\Users\Gebruiker\Desktop\colorvaults\Geupload\Cute Pets Animals\Happy_Cartoon_Rabbit_1787742660557.webp,Cute Pets Animals\Happy_Cartoon_Rabbit_1787742660557.webp,Cute Pets Animals,Happy_Cartoon_Rabbit_1787742660557.webp,39.4,3.3%,89.8%,TOO_SMALL (39.4KB)
C:\Users\Gebruiker\Desktop\colorvaults\Geupload\Cute Pets Animals\Happy_Dog_Splashing_Water.webp,Cute Pets Animals\Happy_Dog_Splashing_Water.webp,Cute Pets Animals,Happy_Dog_Splashing_Water.webp,34.0,1.9%,91.0%,TOO_SMALL (34.0KB)
C:\Users\Gebruiker\Desktop\colorvaults\Geupload\Cute Pets Animals\Happy_Dog_Splashing_Water_1.webp,Cute Pets Animals\Happy_Dog_Splashing_Water_1.webp,Cute Pets Animals,Happy_Dog_Splashing_Water_1.webp,34.0,1.9%,91.0%,TOO_SMALL (34.0KB)
C:\Users\Gebruiker\Desktop\colorvaults\Geupload\Cute Pets Animals\Hot_Air_Balloon.webp,Cute Pets Animals\Hot_Air_Balloon.webp,Cute Pets Animals,Hot_Air_Balloon.webp,37.5,5.2%,88.9%,TOO_SMALL (37.5KB)
C:\Users\Gebruiker\Desktop\colorvaults\Geupload\Cute Pets Animals\Joyful_Cat_in_Bowl.webp,Cute Pets Animals\Joyful_Cat_in_Bowl.webp,Cute Pets Animals,Joyful_Cat_in_Bowl.webp,31.7,2.5%,91.4%,TOO_SMALL (31.7KB)
C:\Users\Gebruiker\Desktop\colorvaults\Geupload\Cute Pets Animals\Party-Popping_Pup.webp,Cute Pets Animals\Party-Popping_Pup.webp,Cute Pets Animals,Party-Popping_Pup.webp,38.0,4.0%,89.7%,TOO_SMALL (38.0KB)
C:\Users\Gebruiker\Desktop\colorvaults\Geupload\Cute Pets Animals\Party-Popping_Pup_1.webp,Cute Pets Animals\Party-Popping_Pup_1.webp,Cute Pets Animals,Party-Popping_Pup_1.webp,37.9,4.0%,89.7%,TOO_SMALL (37.9KB)
C:\Users\Gebruiker\Desktop\colorvaults\Geupload\Cute Pets Animals\Puppy_Dreams.webp,Cute Pets Animals\Puppy_Dreams.webp,Cute Pets Animals,Puppy_Dreams.webp,36.2,3.7%,89.9%,TOO_SMALL (36.2KB)
C:\Users\Gebruiker\Desktop\colorvaults\Geupload\Cute Pets Animals\Puppy_in_Bowl.webp,Cute Pets Animals\Puppy_in_Bowl.webp,Cute Pets Animals,Puppy_in_Bowl.webp,30.3,2.6%,91.1%,TOO_SMALL (30.3KB)
C:\Users\Gebruiker\Desktop\colorvaults\Geupload\Cute Pets Animals\Puppy_in_Bowl_1.webp,Cute Pets Animals\Puppy_in_Bowl_1.webp,Cute Pets Animals,Puppy_in_Bowl_1.webp,30.3,2.6%,91.1%,TOO_SMALL (30.3KB)
C:\Users\Gebruiker\Desktop\colorvaults\Geupload\Cute Pets Animals\Puppy_in_Wagon.webp,Cute Pets Animals\Puppy_in_Wagon.webp,Cute Pets Animals,Puppy_in_Wagon.webp,38.6,2.4%,89.4%,TOO_SMALL (38.6KB)
C:\Users\Gebruiker\Desktop\colorvaults\Geupload\Cute Pets Animals\Puppy_in_Wagon_1.webp,Cute Pets Animals\Puppy_in_Wagon_1.webp,Cute Pets Animals,Puppy_in_Wagon_1.webp,38.6,2.4%,89.4%,TOO_SMALL (38.6KB)
C:\Users\Gebruiker\Desktop\colorvaults\Geupload\Cute Pets Animals\Rubber_Duck_Floats_1784878031355.webp,Cute Pets Animals\Rubber_Duck_Floats_1784878031355.webp,Cute Pets Animals,Rubber_Duck_Floats_1784878031355.webp,30.4,3.4%,92.1%,TOO_SMALL (30.4KB)
C:\Users\Gebruiker\Desktop\colorvaults\Geupload\Cute Pets Animals\Sleeping_Cat.webp,Cute Pets Animals\Sleeping_Cat.webp,Cute Pets Animals,Sleeping_Cat.webp,35.4,5.2%,89.4%,TOO_SMALL (35.4KB)
C:\Users\Gebruiker\Desktop\colorvaults\Geupload\Cute Pets Animals\Smiling_Cartoon_Dog.webp,Cute Pets Animals\Smiling_Cartoon_Dog.webp,Cute Pets Animals,Smiling_Cartoon_Dog.webp,37.6,5.1%,88.3%,TOO_SMALL (37.6KB)
C:\Users\Gebruiker\Desktop\colorvaults\Geupload\Cute Pets Animals\Smiling_Cat_Coloring_Page.webp,Cute Pets Animals\Smiling_Cat_Coloring_Page.webp,Cute Pets Animals,Smiling_Cat_Coloring_Page.webp,37.7,3.5%,89.4%,TOO_SMALL (37.7KB)
C:\Users\Gebruiker\Desktop\colorvaults\Geupload\Cute Pets Animals\Smiling_Cat_Coloring_Page_1.webp,Cute Pets Animals\Smiling_Cat_Coloring_Page_1.webp,Cute Pets Animals,Smiling_Cat_Coloring_Page_1.webp,29.8,2.4%,92.2%,TOO_SMALL (29.8KB)
C:\Users\Gebruiker\Desktop\colorvaults\Geupload\Cute Pets Animals\Smiling_Cat_in_Noodle_Bowl.webp,Cute Pets Animals\Smiling_Cat_in_Noodle_Bowl.webp,Cute Pets Animals,Smiling_Cat_in_Noodle_Bowl.webp,37.8,4.3%,88.9%,TOO_SMALL (37.8KB)
C:\Users\Gebruiker\Desktop\colorvaults\Geupload\Cute Pets Animals\Smiling_Puppy.webp,Cute Pets Animals\Smiling_Puppy.webp,Cute Pets Animals,Smiling_Puppy.webp,38.7,3.3%,89.9%,TOO_SMALL (38.7KB)
C:\Users\Gebruiker\Desktop\colorvaults\Geupload\Cute Pets Animals\Smiling_Puppy_1.webp,Cute Pets Animals\Smiling_Puppy_1.webp,Cute Pets Animals,Smiling_Puppy_1.webp,38.8,3.4%,89.8%,TOO_SMALL (38.8KB)
C:\Users\Gebruiker\Desktop\colorvaults\Geupload\Cute Pets Animals\Smiling_Puppy_and_Sun_1787736059652.webp,Cute Pets Animals\Smiling_Puppy_and_Sun_1787736059652.webp,Cute Pets Animals,Smiling_Puppy_and_Sun_1787736059652.webp,35.0,5.0%,89.3%,TOO_SMALL (35.0KB)
C:\Users\Gebruiker\Desktop\colorvaults\Geupload\Cute Pets Animals\Smiling_Puppy_Coloring_Page.webp,Cute Pets Animals\Smiling_Puppy_Coloring_Page.webp,Cute Pets Animals,Smiling_Puppy_Coloring_Page.webp,35.6,4.0%,89.4%,TOO_SMALL (35.6KB)
C:\Users\Gebruiker\Desktop\colorvaults\Geupload\Cute Pets Animals\Smiling_Puppy_Coloring_Page_1787742579747.webp,Cute Pets Animals\Smiling_Puppy_Coloring_Page_1787742579747.webp,Cute Pets Animals,Smiling_Puppy_Coloring_Page_1787742579747.webp,36.7,5.9%,88.1%,TOO_SMALL (36.7KB)
C:\Users\Gebruiker\Desktop\colorvaults\Geupload\Cute Pets Animals\Smiling_Puppy_Dog.webp,Cute Pets Animals\Smiling_Puppy_Dog.webp,Cute Pets Animals,Smiling_Puppy_Dog.webp,34.6,2.5%,91.0%,TOO_SMALL (34.6KB)
C:\Users\Gebruiker\Desktop\colorvaults\Geupload\Cute Pets Animals\Smiling_Puppy_Dog_1.webp,Cute Pets Animals\Smiling_Puppy_Dog_1.webp,Cute Pets Animals,Smiling_Puppy_Dog_1.webp,34.7,2.5%,91.0%,TOO_SMALL (34.7KB)
C:\Users\Gebruiker\Desktop\colorvaults\Geupload\Cute Pets Animals\Waving_Cat_Coloring_Page_1785061301708.webp,Cute Pets Animals\Waving_Cat_Coloring_Page_1785061301708.webp,Cute Pets Animals,Waving_Cat_Coloring_Page_1785061301708.webp,36.9,3.5%,89.6%,TOO_SMALL (36.9KB)
C:\Users\Gebruiker\Desktop\colorvaults\Geupload\Cute Pets Animals\Waving_Dog.webp,Cute Pets Animals\Waving_Dog.webp,Cute Pets Animals,Waving_Dog.webp,33.9,3.6%,90.4%,TOO_SMALL (33.9KB)
C:\Users\Gebruiker\Desktop\colorvaults\Geupload\Cute Pets Animals\Waving_Dog_1.webp,Cute Pets Animals\Waving_Dog_1.webp,Cute Pets Animals,Waving_Dog_1.webp,33.8,3.6%,90.4%,TOO_SMALL (33.8KB)
C:\Users\Gebruiker\Desktop\colorvaults\Geupload\Dinosaur Adventures\Cartoon_Dinosaur_1787743402074.webp,Dinosaur Adventures\Cartoon_Dinosaur_1787743402074.webp,Dinosaur Adventures,Cartoon_Dinosaur_1787743402074.webp,32.0,4.1%,90.3%,TOO_SMALL (32.0KB)
C:\Users\Gebruiker\Desktop\colorvaults\Geupload\Dinosaur Adventures\Cartoon_Dinosaur_Coloring_Page_1786132920013.webp,Dinosaur Adventures\Cartoon_Dinosaur_Coloring_Page_1786132920013.webp,Dinosaur Adventures,Cartoon_Dinosaur_Coloring_Page_1786132920013.webp,37.5,3.4%,89.8%,TOO_SMALL (37.5KB)
C:\Users\Gebruiker\Desktop\colorvaults\Geupload\Dinosaur Adventures\Cartoon_Dinosaur_Flying_Kite_1784889859883.webp,Dinosaur Adventures\Cartoon_Dinosaur_Flying_Kite_1784889859883.webp,Dinosaur Adventures,Cartoon_Dinosaur_Flying_Kite_1784889859883.webp,39.1,2.9%,90.1%,TOO_SMALL (39.1KB)
C:\Users\Gebruiker\Desktop\colorvaults\Geupload\Dinosaur Adventures\Cartoon_Dinosaur_with_Crown_1785060346336.webp,Dinosaur Adventures\Cartoon_Dinosaur_with_Crown_1785060346336.webp,Dinosaur Adventures,Cartoon_Dinosaur_with_Crown_1785060346336.webp,38.7,5.3%,87.8%,TOO_SMALL (38.7KB)
C:\Users\Gebruiker\Desktop\colorvaults\Geupload\Dinosaur Adventures\Cartoon_Dinosaur_with_Crown_1785060346336_1.webp,Dinosaur Adventures\Cartoon_Dinosaur_with_Crown_1785060346336_1.webp,Dinosaur Adventures,Cartoon_Dinosaur_with_Crown_1785060346336_1.webp,38.7,5.4%,87.8%,TOO_SMALL (38.7KB)
C:\Users\Gebruiker\Desktop\colorvaults\Geupload\Dinosaur Adventures\Coloring_Page_1786133452065.webp,Dinosaur Adventures\Coloring_Page_1786133452065.webp,Dinosaur Adventures,Coloring_Page_1786133452065.webp,0,0.0%,0.0%,ERROR: cannot identify image file 'C:\\Users\\Gebruiker\\
C:\Users\Gebruiker\Desktop\colorvaults\Geupload\Dinosaur Adventures\Coloring_Page_1786133464114.webp,Dinosaur Adventures\Coloring_Page_1786133464114.webp,Dinosaur Adventures,Coloring_Page_1786133464114.webp,0,0.0%,0.0%,ERROR: cannot identify image file 'C:\\Users\\Gebruiker\\
C:\Users\Gebruiker\Desktop\colorvaults\Geupload\Dinosaur Adventures\Coloring_Page_1786133506379.webp,Dinosaur Adventures\Coloring_Page_1786133506379.webp,Dinosaur Adventures,Coloring_Page_1786133506379.webp,0,0.0%,0.0%,ERROR: cannot identify image file 'C:\\Users\\Gebruiker\\
C:\Users\Gebruiker\Desktop\colorvaults\Geupload\Dinosaur Adventures\Dinosaur_Breaks_Egg_Shell_1784877300776.webp,Dinosaur Adventures\Dinosaur_Breaks_Egg_Shell_1784877300776.webp,Dinosaur Adventures,Dinosaur_Breaks_Egg_Shell_1784877300776.webp,39.5,5.0%,89.2%,TOO_SMALL (39.5KB)
C:\Users\Gebruiker\Desktop\colorvaults\Geupload\Dinosaur Adventures\Dinosaur_hatches_from_egg_1787743371818.webp,Dinosaur Adventures\Dinosaur_hatches_from_egg_1787743371818.webp,Dinosaur Adventures,Dinosaur_hatches_from_egg_1787743371818.webp,35.5,4.5%,89.9%,TOO_SMALL (35.5KB)
C:\Users\Gebruiker\Desktop\colorvaults\Geupload\Dinosaur Adventures\Dinosaur_hatching_1787743381911.webp,Dinosaur Adventures\Dinosaur_hatching_1787743381911.webp,Dinosaur Adventures,Dinosaur_hatching_1787743381911.webp,29.6,2.8%,92.2%,TOO_SMALL (29.6KB)
C:\Users\Gebruiker\Desktop\colorvaults\Geupload\Dinosaur Adventures\Dinosaur_hatching_1787743391970.webp,Dinosaur Adventures\Dinosaur_hatching_1787743391970.webp,Dinosaur Adventures,Dinosaur_hatching_1787743391970.webp,32.8,4.0%,90.7%,TOO_SMALL (32.8KB)
C:\Users\Gebruiker\Desktop\colorvaults\Geupload\Dinosaur Adventures\Dinosaur_hatching_1787743412183.webp,Dinosaur Adventures\Dinosaur_hatching_1787743412183.webp,Dinosaur Adventures,Dinosaur_hatching_1787743412183.webp,37.7,5.0%,88.3%,TOO_SMALL (37.7KB)
C:\Users\Gebruiker\Desktop\colorvaults\Geupload\Dinosaur Adventures\Dinosaur_hatching_from_a_cracked_egg_1785060382534.webp,Dinosaur Adventures\Dinosaur_hatching_from_a_cracked_egg_1785060382534.webp,Dinosaur Adventures,Dinosaur_hatching_from_a_cracked_egg_1785060382534.webp,36.2,3.2%,90.5%,TOO_SMALL (36.2KB)
C:\Users\Gebruiker\Desktop\colorvaults\Geupload\Dinosaur Adventures\Dinosaur_hatching_from_a_cracked_egg_1785060382534_1.webp,Dinosaur Adventures\Dinosaur_hatching_from_a_cracked_egg_1785060382534_1.webp,Dinosaur Adventures,Dinosaur_hatching_from_a_cracked_egg_1785060382534_1.webp,36.4,3.3%,90.5%,TOO_SMALL (36.4KB)
C:\Users\Gebruiker\Desktop\colorvaults\Geupload\Dinosaur Adventures\Dinosaur_hatching_from_a_shell_1784877300776.webp,Dinosaur Adventures\Dinosaur_hatching_from_a_shell_1784877300776.webp,Dinosaur Adventures,Dinosaur_hatching_from_a_shell_1784877300776.webp,39.5,5.0%,89.2%,TOO_SMALL (39.5KB)
C:\Users\Gebruiker\Desktop\colorvaults\Geupload\Dinosaur Adventures\Dinosaur_hatching_from_its_egg_1785060317391.webp,Dinosaur Adventures\Dinosaur_hatching_from_its_egg_1785060317391.webp,Dinosaur Adventures,Dinosaur_hatching_from_its_egg_1785060317391.webp,35.8,3.3%,90.7%,TOO_SMALL (35.8KB)
C:\Users\Gebruiker\Desktop\colorvaults\Geupload\Dinosaur Adventures\Dinosaur_hatching_from_its_egg_1785060317391_1.webp,Dinosaur Adventures\Dinosaur_hatching_from_its_egg_1785060317391_1.webp,Dinosaur Adventures,Dinosaur_hatching_from_its_egg_1785060317391_1.webp,35.8,3.3%,90.7%,TOO_SMALL (35.8KB)
C:\Users\Gebruiker\Desktop\colorvaults\Geupload\Dinosaur Adventures\Dino_with_Cape_1785060406682.webp,Dinosaur Adventures\Dino_with_Cape_1785060406682.webp,Dinosaur Adventures,Dino_with_Cape_1785060406682.webp,37.4,3.3%,90.4%,TOO_SMALL (37.4KB)
C:\Users\Gebruiker\Desktop\colorvaults\Geupload\Dinosaur Adventures\Dino_with_Cape_1785060406682_1.webp,Dinosaur Adventures\Dino_with_Cape_1785060406682_1.webp,Dinosaur Adventures,Dino_with_Cape_1785060406682_1.webp,37.3,3.3%,90.4%,TOO_SMALL (37.3KB)
C:\Users\Gebruiker\Desktop\colorvaults\Geupload\Dinosaur Adventures\Friendly_Cartoon_Dinosaur_1784877373196.webp,Dinosaur Adventures\Friendly_Cartoon_Dinosaur_1784877373196.webp,Dinosaur Adventures,Friendly_Cartoon_Dinosaur_1784877373196.webp,36.4,4.3%,91.0%,TOO_SMALL (36.4KB)
C:\Users\Gebruiker\Desktop\colorvaults\Geupload\Dinosaur Adventures\Friendly_Dinosaur_1784877373196.webp,Dinosaur Adventures\Friendly_Dinosaur_1784877373196.webp,Dinosaur Adventures,Friendly_Dinosaur_1784877373196.webp,36.6,4.3%,91.0%,TOO_SMALL (36.6KB)
C:\Users\Gebruiker\Desktop\colorvaults\Geupload\Dinosaur Adventures\Volcano_Sketch_1784877330952.webp,Dinosaur Adventures\Volcano_Sketch_1784877330952.webp,Dinosaur Adventures,Volcano_Sketch_1784877330952.webp,32.2,3.6%,92.0%,TOO_SMALL (32.2KB)
C:\Users\Gebruiker\Desktop\colorvaults\Geupload\Disney - Ariel\Ariel_the_mermaid_princess_1787615072316.webp,Disney - Ariel\Ariel_the_mermaid_princess_1787615072316.webp,Disney - Ariel,Ariel_the_mermaid_princess_1787615072316.webp,36.5,2.1%,91.3%,TOO_SMALL (36.5KB)
C:\Users\Gebruiker\Desktop\colorvaults\Geupload\Disney - Belle\Belles_elegant_gown_1786109645497.webp,Disney - Belle\Belles_elegant_gown_1786109645497.webp,Disney - Belle,Belles_elegant_gown_1786109645497.webp,38.8,1.9%,90.9%,TOO_SMALL (38.8KB)
C:\Users\Gebruiker\Desktop\colorvaults\Geupload\Disney - Belle\Belles_elegant_gown_1786109645497_1.webp,Disney - Belle\Belles_elegant_gown_1786109645497_1.webp,Disney - Belle,Belles_elegant_gown_1786109645497_1.webp,38.8,1.9%,90.9%,TOO_SMALL (38.8KB)
C:\Users\Gebruiker\Desktop\colorvaults\Geupload\Disney - Belle\Clown_with_Candles_1787613463043.webp,Disney - Belle\Clown_with_Candles_1787613463043.webp,Disney - Belle,Clown_with_Candles_1787613463043.webp,38.1,2.9%,90.0%,TOO_SMALL (38.1KB)
C:\Users\Gebruiker\Desktop\colorvaults\Geupload\Disney - Frozen\Olaf_the_Snowman_Welcomes_You_1787614376969.webp,Disney - Frozen\Olaf_the_Snowman_Welcomes_You_1787614376969.webp,Disney - Frozen,Olaf_the_Snowman_Welcomes_You_1787614376969.webp,38.5,3.8%,90.3%,TOO_SMALL (38.5KB)
C:\Users\Gebruiker\Desktop\colorvaults\Geupload\Disney - Snow White\Snow_White_with_Apple_1786109726262.webp,Disney - Snow White\Snow_White_with_Apple_1786109726262.webp,Disney - Snow White,Snow_White_with_Apple_1786109726262.webp,38.7,3.4%,89.9%,TOO_SMALL (38.7KB)
C:\Users\Gebruiker\Desktop\colorvaults\Geupload\Disney - Snow White\Snow_White_with_Apple_1786109726262_1.webp,Disney - Snow White\Snow_White_with_Apple_1786109726262_1.webp,Disney - Snow White,Snow_White_with_Apple_1786109726262_1.webp,38.7,3.4%,89.9%,TOO_SMALL (38.7KB)
C:\Users\Gebruiker\Desktop\colorvaults\Geupload\Disney Princesses\High_Heel_Shoe.webp,Disney Princesses\High_Heel_Shoe.webp,Disney Princesses,High_Heel_Shoe.webp,29.2,34.9%,59.8%,TOO_SMALL (29.2KB)
C:\Users\Gebruiker\Desktop\colorvaults\Geupload\Dolphins Underwater\Jumping_Dolphin_1787739867579.webp,Dolphins Underwater\Jumping_Dolphin_1787739867579.webp,Dolphins Underwater,Jumping_Dolphin_1787739867579.webp,37.6,5.8%,85.2%,TOO_SMALL (37.6KB)
C:\Users\Gebruiker\Desktop\colorvaults\Geupload\Dolphins Underwater\Jumping_Dolphin_Coloring_Page_1787739857467.webp,Dolphins Underwater\Jumping_Dolphin_Coloring_Page_1787739857467.webp,Dolphins Underwater,Jumping_Dolphin_Coloring_Page_1787739857467.webp,33.6,7.0%,85.5%,TOO_SMALL (33.6KB)
C:\Users\Gebruiker\Desktop\colorvaults\Geupload\Enchanted Forest\Gnome_Character_Coloring_Page_1784876998937.webp,Enchanted Forest\Gnome_Character_Coloring_Page_1784876998937.webp,Enchanted Forest,Gnome_Character_Coloring_Page_1784876998937.webp,34.6,3.5%,91.5%,TOO_SMALL (34.6KB)
C:\Users\Gebruiker\Desktop\colorvaults\Geupload\Enchanted Forest\Gnome_Coloring_Page_1784876998937.webp,Enchanted Forest\Gnome_Coloring_Page_1784876998937.webp,Enchanted Forest,Gnome_Coloring_Page_1784876998937.webp,34.6,3.5%,91.5%,TOO_SMALL (34.6KB)
C:\Users\Gebruiker\Desktop\colorvaults\Geupload\Fairy Tale Kingdom\Crown_on_Pillow_1784879891034.webp,Fairy Tale Kingdom\Crown_on_Pillow_1784879891034.webp,Fairy Tale Kingdom,Crown_on_Pillow_1784879891034.webp,39.1,5.9%,87.3%,TOO_SMALL (39.1KB)
C:\Users\Gebruiker\Desktop\colorvaults\Geupload\Farm\Cartoon_Pig_Character.webp,Farm\Cartoon_Pig_Character.webp,Farm,Cartoon_Pig_Character.webp,28.3,2.7%,92.4%,TOO_SMALL (28.3KB)
C:\Users\Gebruiker\Desktop\colorvaults\Geupload\Farm\Cartoon_Pig_Character_1.webp,Farm\Cartoon_Pig_Character_1.webp,Farm,Cartoon_Pig_Character_1.webp,28.3,2.7%,92.4%,TOO_SMALL (28.3KB)
C:\Users\Gebruiker\Desktop\colorvaults\Geupload\Farm\Cartoon_Pig_Sitting_On_Cloud_1784878061526.webp,Farm\Cartoon_Pig_Sitting_On_Cloud_1784878061526.webp,Farm,Cartoon_Pig_Sitting_On_Cloud_1784878061526.webp,33.0,4.1%,91.3%,TOO_SMALL (33.0KB)
C:\Users\Gebruiker\Desktop\colorvaults\Geupload\Farm\Cartoon_Pig_Sitting_On_Cloud_1784878061526_2.webp,Farm\Cartoon_Pig_Sitting_On_Cloud_1784878061526_2.webp,Farm,Cartoon_Pig_Sitting_On_Cloud_1784878061526_2.webp,33.0,4.1%,91.3%,TOO_SMALL (33.0KB)
C:\Users\Gebruiker\Desktop\colorvaults\Geupload\Fashion\High_Heels.webp,Fashion\High_Heels.webp,Fashion,High_Heels.webp,37.1,2.0%,91.1%,TOO_SMALL (37.1KB)
C:\Users\Gebruiker\Desktop\colorvaults\Geupload\Fashion\High_Heels_1.webp,Fashion\High_Heels_1.webp,Fashion,High_Heels_1.webp,37.1,2.0%,91.1%,TOO_SMALL (37.1KB)
C:\Users\Gebruiker\Desktop\colorvaults\Geupload\Fashion\High_Heels_Display.webp,Fashion\High_Heels_Display.webp,Fashion,High_Heels_Display.webp,34.4,4.4%,78.1%,TOO_SMALL (34.4KB)
C:\Users\Gebruiker\Desktop\colorvaults\Geupload\Fashion\High_Heels_Display_1.webp,Fashion\High_Heels_Display_1.webp,Fashion,High_Heels_Display_1.webp,34.4,4.4%,78.2%,TOO_SMALL (34.4KB)
C:\Users\Gebruiker\Desktop\colorvaults\Geupload\Fashion\Window_Dresser_Vase_1785045822040.webp,Fashion\Window_Dresser_Vase_1785045822040.webp,Fashion,Window_Dresser_Vase_1785045822040.webp,37.5,4.8%,77.0%,TOO_SMALL (37.5KB)
C:\Users\Gebruiker\Desktop\colorvaults\Geupload\Flowers Botanical\Cartoon_Pig_with_Flower.webp,Flowers Botanical\Cartoon_Pig_with_Flower.webp,Flowers Botanical,Cartoon_Pig_with_Flower.webp,33.2,3.9%,90.0%,TOO_SMALL (33.2KB)
C:\Users\Gebruiker\Desktop\colorvaults\Geupload\Flowers Botanical\Cartoon_Pig_with_Flower_1.webp,Flowers Botanical\Cartoon_Pig_with_Flower_1.webp,Flowers Botanical,Cartoon_Pig_with_Flower_1.webp,33.2,3.9%,90.0%,TOO_SMALL (33.2KB)
C:\Users\Gebruiker\Desktop\colorvaults\Geupload\Flowers Botanical\Cute_Cartoon_Character_with_Flower.webp,Flowers Botanical\Cute_Cartoon_Character_with_Flower.webp,Flowers Botanical,Cute_Cartoon_Character_with_Flower.webp,39.9,3.6%,89.2%,TOO_SMALL (39.9KB)
C:\Users\Gebruiker\Desktop\colorvaults\Geupload\Flowers Botanical\Rubber_Duck_Floats_1784878031355.webp,Flowers Botanical\Rubber_Duck_Floats_1784878031355.webp,Flowers Botanical,Rubber_Duck_Floats_1784878031355.webp,30.4,3.4%,92.1%,TOO_SMALL (30.4KB)
C:\Users\Gebruiker\Desktop\colorvaults\Geupload\Flowers Botanical\Smiling_Frog_1784878091701.webp,Flowers Botanical\Smiling_Frog_1784878091701.webp,Flowers Botanical,Smiling_Frog_1784878091701.webp,36.0,5.0%,89.9%,TOO_SMALL (36.0KB)
C:\Users\Gebruiker\Desktop\colorvaults\Geupload\Flowers Botanical\Smiling_Frog_1784878091701_2.webp,Flowers Botanical\Smiling_Frog_1784878091701_2.webp,Flowers Botanical,Smiling_Frog_1784878091701_2.webp,36.4,5.0%,89.9%,TOO_SMALL (36.4KB)
C:\Users\Gebruiker\Desktop\colorvaults\Geupload\Flowers Botanical\Tulip_in_Decorative_Pot_1785055684201.webp,Flowers Botanical\Tulip_in_Decorative_Pot_1785055684201.webp,Flowers Botanical,Tulip_in_Decorative_Pot_1785055684201.webp,39.2,1.9%,89.7%,TOO_SMALL (39.2KB)
C:\Users\Gebruiker\Desktop\colorvaults\Geupload\Flowers Botanical\Tulip_in_Decorative_Pot_1785055684201_1.webp,Flowers Botanical\Tulip_in_Decorative_Pot_1785055684201_1.webp,Flowers Botanical,Tulip_in_Decorative_Pot_1785055684201_1.webp,39.2,1.9%,89.7%,TOO_SMALL (39.2KB)
C:\Users\Gebruiker\Desktop\colorvaults\Geupload\Flowers Botanical\Window_sill_scene_1785057493713.webp,Flowers Botanical\Window_sill_scene_1785057493713.webp,Flowers Botanical,Window_sill_scene_1785057493713.webp,37.9,4.8%,78.8%,TOO_SMALL (37.9KB)
C:\Users\Gebruiker\Desktop\colorvaults\Geupload\Games\Arcade_Machine_1786106593256.webp,Games\Arcade_Machine_1786106593256.webp,Games,Arcade_Machine_1786106593256.webp,38.5,2.9%,83.6%,TOO_SMALL (38.5KB)
C:\Users\Gebruiker\Desktop\colorvaults\Geupload\Games\Arcade_Machine_1786106593256_1.webp,Games\Arcade_Machine_1786106593256_1.webp,Games,Arcade_Machine_1786106593256_1.webp,38.5,2.9%,83.6%,TOO_SMALL (38.5KB)
C:\Users\Gebruiker\Desktop\colorvaults\Geupload\Gaming\Arcade_Game_Machine_1.webp,Gaming\Arcade_Game_Machine_1.webp,Gaming,Arcade_Game_Machine_1.webp,30.4,2.1%,79.4%,TOO_SMALL (30.4KB)
C:\Users\Gebruiker\Desktop\colorvaults\Geupload\Gaming\Arcade_Game_Machine_2.webp,Gaming\Arcade_Game_Machine_2.webp,Gaming,Arcade_Game_Machine_2.webp,25.2,2.9%,89.0%,TOO_SMALL (25.2KB)
C:\Users\Gebruiker\Desktop\colorvaults\Geupload\Gaming\Arcade_Game_Machine_3.webp,Gaming\Arcade_Game_Machine_3.webp,Gaming,Arcade_Game_Machine_3.webp,30.4,2.1%,79.4%,TOO_SMALL (30.4KB)
C:\Users\Gebruiker\Desktop\colorvaults\Geupload\Gaming\Arcade_Game_Machine_4.webp,Gaming\Arcade_Game_Machine_4.webp,Gaming,Arcade_Game_Machine_4.webp,25.2,2.9%,89.0%,TOO_SMALL (25.2KB)
C:\Users\Gebruiker\Desktop\colorvaults\Geupload\Halloween\Smiling_Pumpkin_1785058479339.webp,Halloween\Smiling_Pumpkin_1785058479339.webp,Halloween,Smiling_Pumpkin_1785058479339.webp,36.5,5.4%,88.4%,TOO_SMALL (36.5KB)
C:\Users\Gebruiker\Desktop\colorvaults\Geupload\Halloween\Smiling_Pumpkin_1785058479339_1.webp,Halloween\Smiling_Pumpkin_1785058479339_1.webp,Halloween,Smiling_Pumpkin_1785058479339_1.webp,36.1,5.4%,88.4%,TOO_SMALL (36.1KB)
C:\Users\Gebruiker\Desktop\colorvaults\Geupload\Halloween Spooky Creatures\Bubbling_Cauldron_1784880265286.webp,Halloween Spooky Creatures\Bubbling_Cauldron_1784880265286.webp,Halloween Spooky Creatures,Bubbling_Cauldron_1784880265286.webp,37.1,4.4%,90.4%,TOO_SMALL (37.1KB)
C:\Users\Gebruiker\Desktop\colorvaults\Geupload\Halloween Spooky Creatures\Bubbling_Pot_1784880265286.webp,Halloween Spooky Creatures\Bubbling_Pot_1784880265286.webp,Halloween Spooky Creatures,Bubbling_Pot_1784880265286.webp,37.1,4.4%,90.4%,TOO_SMALL (37.1KB)
C:\Users\Gebruiker\Desktop\colorvaults\Geupload\Halloween Spooky Creatures\Smiling_Spider_Coloring_Page_1784880277367.webp,Halloween Spooky Creatures\Smiling_Spider_Coloring_Page_1784880277367.webp,Halloween Spooky Creatures,Smiling_Spider_Coloring_Page_1784880277367.webp,29.6,2.5%,93.1%,TOO_SMALL (29.6KB)
C:\Users\Gebruiker\Desktop\colorvaults\Geupload\Halloween Spooky Creatures\Smiling_Spider_Coloring_Page_1784880277367_1.webp,Halloween Spooky Creatures\Smiling_Spider_Coloring_Page_1784880277367_1.webp,Halloween Spooky Creatures,Smiling_Spider_Coloring_Page_1784880277367_1.webp,29.6,2.5%,93.1%,TOO_SMALL (29.6KB)
C:\Users\Gebruiker\Desktop\colorvaults\Geupload\Landscapes\Cartoon_Forklift_Driver_1785055889371.webp,Landscapes\Cartoon_Forklift_Driver_1785055889371.webp,Landscapes,Cartoon_Forklift_Driver_1785055889371.webp,35.6,6.1%,81.6%,TOO_SMALL (35.6KB)
C:\Users\Gebruiker\Desktop\colorvaults\Geupload\Landscapes\Cartoon_Forklift_Driver_1785055889371_1.webp,Landscapes\Cartoon_Forklift_Driver_1785055889371_1.webp,Landscapes,Cartoon_Forklift_Driver_1785055889371_1.webp,35.0,6.1%,81.6%,TOO_SMALL (35.0KB)
C:\Users\Gebruiker\Desktop\colorvaults\Geupload\Landscapes\Car_driving_on_road_1785061786422.webp,Landscapes\Car_driving_on_road_1785061786422.webp,Landscapes,Car_driving_on_road_1785061786422.webp,32.2,2.4%,89.2%,TOO_SMALL (32.2KB)
C:\Users\Gebruiker\Desktop\colorvaults\Geupload\Landscapes\Car_on_the_road.webp,Landscapes\Car_on_the_road.webp,Landscapes,Car_on_the_road.webp,31.9,2.3%,90.3%,TOO_SMALL (31.9KB)
C:\Users\Gebruiker\Desktop\colorvaults\Geupload\Landscapes\Tractor_driving_on_rough_terrain_1785055883340.webp,Landscapes\Tractor_driving_on_rough_terrain_1785055883340.webp,Landscapes,Tractor_driving_on_rough_terrain_1785055883340.webp,39.1,4.6%,86.9%,TOO_SMALL (39.1KB)
C:\Users\Gebruiker\Desktop\colorvaults\Geupload\Landscapes\Tractor_on_the_farm_1785055883340.webp,Landscapes\Tractor_on_the_farm_1785055883340.webp,Landscapes,Tractor_on_the_farm_1785055883340.webp,38.3,4.6%,86.9%,TOO_SMALL (38.3KB)
C:\Users\Gebruiker\Desktop\colorvaults\Geupload\Lilo Stitch\Stitch_Surfs_1784893675937.webp,Lilo Stitch\Stitch_Surfs_1784893675937.webp,Lilo Stitch,Stitch_Surfs_1784893675937.webp,39.5,1.1%,90.4%,TOO_SMALL (39.5KB)
C:\Users\Gebruiker\Desktop\colorvaults\Geupload\Lilo Stitch\Stitch_Surfs_1784893675937_1.webp,Lilo Stitch\Stitch_Surfs_1784893675937_1.webp,Lilo Stitch,Stitch_Surfs_1784893675937_1.webp,39.5,1.1%,90.4%,TOO_SMALL (39.5KB)
C:\Users\Gebruiker\Desktop\colorvaults\Geupload\Lilo Stitch\Stitch_the_cheerful_alien_1786124607263.webp,Lilo Stitch\Stitch_the_cheerful_alien_1786124607263.webp,Lilo Stitch,Stitch_the_cheerful_alien_1786124607263.webp,36.2,2.6%,90.1%,TOO_SMALL (36.2KB)
C:\Users\Gebruiker\Desktop\colorvaults\Geupload\Lilo Stitch\Stitch_the_cheerful_alien_1786124607263_1.webp,Lilo Stitch\Stitch_the_cheerful_alien_1786124607263_1.webp,Lilo Stitch,Stitch_the_cheerful_alien_1786124607263_1.webp,36.2,2.6%,90.1%,TOO_SMALL (36.2KB)
C:\Users\Gebruiker\Desktop\colorvaults\Geupload\Lilo Stitch\Stitch_the_cheerful_alien_1786131143857.webp,Lilo Stitch\Stitch_the_cheerful_alien_1786131143857.webp,Lilo Stitch,Stitch_the_cheerful_alien_1786131143857.webp,39.0,2.5%,89.6%,TOO_SMALL (39.0KB)
C:\Users\Gebruiker\Desktop\colorvaults\Geupload\Lilo Stitch\Stitch_the_lovable_alien_1784893627662.webp,Lilo Stitch\Stitch_the_lovable_alien_1784893627662.webp,Lilo Stitch,Stitch_the_lovable_alien_1784893627662.webp,37.1,2.1%,90.0%,TOO_SMALL (37.1KB)
C:\Users\Gebruiker\Desktop\colorvaults\Geupload\Magic Wizards\Cartoon_Ghost_Wizard_1785058376706.webp,Magic Wizards\Cartoon_Ghost_Wizard_1785058376706.webp,Magic Wizards,Cartoon_Ghost_Wizard_1785058376706.webp,22.0,3.7%,92.2%,TOO_SMALL (22.0KB)
C:\Users\Gebruiker\Desktop\colorvaults\Geupload\Magic Wizards\Cute_Witch_on_Broomstick_1785058600482.webp,Magic Wizards\Cute_Witch_on_Broomstick_1785058600482.webp,Magic Wizards,Cute_Witch_on_Broomstick_1785058600482.webp,36.8,2.5%,90.7%,TOO_SMALL (36.8KB)
C:\Users\Gebruiker\Desktop\colorvaults\Geupload\Monsters\Friendly_Monster_Waves_1787743492932.webp,Monsters\Friendly_Monster_Waves_1787743492932.webp,Monsters,Friendly_Monster_Waves_1787743492932.webp,32.3,3.8%,90.6%,TOO_SMALL (32.3KB)
C:\Users\Gebruiker\Desktop\colorvaults\Geupload\Monsters\Friendly_Monster_with_Scissors_1787743442468.webp,Monsters\Friendly_Monster_with_Scissors_1787743442468.webp,Monsters,Friendly_Monster_with_Scissors_1787743442468.webp,36.4,3.7%,90.4%,TOO_SMALL (36.4KB)
C:\Users\Gebruiker\Desktop\colorvaults\Geupload\Music\Coloring_Page_Guitar.webp,Music\Coloring_Page_Guitar.webp,Music,Coloring_Page_Guitar.webp,37.5,2.6%,88.8%,TOO_SMALL (37.5KB)
C:\Users\Gebruiker\Desktop\colorvaults\Geupload\Music\Coloring_Page_Guitar_1.webp,Music\Coloring_Page_Guitar_1.webp,Music,Coloring_Page_Guitar_1.webp,37.5,2.6%,88.8%,TOO_SMALL (37.5KB)
C:\Users\Gebruiker\Desktop\colorvaults\Geupload\Ocean Life\Crab_with_Ball_1785058449158.webp,Ocean Life\Crab_with_Ball_1785058449158.webp,Ocean Life,Crab_with_Ball_1785058449158.webp,26.0,3.0%,92.8%,TOO_SMALL (26.0KB)
C:\Users\Gebruiker\Desktop\colorvaults\Geupload\Ocean Life\Crab_with_Ball_1785058449158_1.webp,Ocean Life\Crab_with_Ball_1785058449158_1.webp,Ocean Life,Crab_with_Ball_1785058449158_1.webp,25.8,3.0%,92.8%,TOO_SMALL (25.8KB)
C:\Users\Gebruiker\Desktop\colorvaults\Geupload\Ocean Life\Crab_with_Bow_Tie_1785058467259.webp,Ocean Life\Crab_with_Bow_Tie_1785058467259.webp,Ocean Life,Crab_with_Bow_Tie_1785058467259.webp,28.4,3.0%,92.4%,TOO_SMALL (28.4KB)
C:\Users\Gebruiker\Desktop\colorvaults\Geupload\Ocean Life\Smiling_Cartoon_Fish_1784876610614.webp,Ocean Life\Smiling_Cartoon_Fish_1784876610614.webp,Ocean Life,Smiling_Cartoon_Fish_1784876610614.webp,25.0,4.1%,92.3%,TOO_SMALL (25.0KB)
C:\Users\Gebruiker\Desktop\colorvaults\Geupload\Ocean Life\Smiling_Cartoon_Shark_1784876610614.webp,Ocean Life\Smiling_Cartoon_Shark_1784876610614.webp,Ocean Life,Smiling_Cartoon_Shark_1784876610614.webp,25.0,4.1%,92.3%,TOO_SMALL (25.0KB)
C:\Users\Gebruiker\Desktop\colorvaults\Geupload\Ocean Life\Smiling_Starfish.webp,Ocean Life\Smiling_Starfish.webp,Ocean Life,Smiling_Starfish.webp,39.2,1.5%,90.5%,TOO_SMALL (39.2KB)
C:\Users\Gebruiker\Desktop\colorvaults\Geupload\Ocean Life\Stylish_Crab_with_Bow_Tie_1785058394828.webp,Ocean Life\Stylish_Crab_with_Bow_Tie_1785058394828.webp,Ocean Life,Stylish_Crab_with_Bow_Tie_1785058394828.webp,26.4,3.1%,92.9%,TOO_SMALL (26.4KB)
C:\Users\Gebruiker\Desktop\colorvaults\Geupload\Pirates\A_Wooden_Chest.webp,Pirates\A_Wooden_Chest.webp,Pirates,A_Wooden_Chest.webp,31.1,1.7%,86.7%,TOO_SMALL (31.1KB)
C:\Users\Gebruiker\Desktop\colorvaults\Geupload\Pirates\A_Wooden_Chest_on_the_Ground.webp,Pirates\A_Wooden_Chest_on_the_Ground.webp,Pirates,A_Wooden_Chest_on_the_Ground.webp,31.1,1.7%,86.7%,TOO_SMALL (31.1KB)
C:\Users\Gebruiker\Desktop\colorvaults\Geupload\Pirates\Cartoon_Skull_with_Bow_Tie_1786107025743.webp,Pirates\Cartoon_Skull_with_Bow_Tie_1786107025743.webp,Pirates,Cartoon_Skull_with_Bow_Tie_1786107025743.webp,36.2,7.7%,86.1%,TOO_SMALL (36.2KB)
C:\Users\Gebruiker\Desktop\colorvaults\Geupload\Pirates\Cartoon_Skull_with_Bow_Tie_1786107120297.webp,Pirates\Cartoon_Skull_with_Bow_Tie_1786107120297.webp,Pirates,Cartoon_Skull_with_Bow_Tie_1786107120297.webp,36.3,7.7%,86.1%,TOO_SMALL (36.3KB)
C:\Users\Gebruiker\Desktop\colorvaults\Geupload\Pirates\Skull_with_Bow_Tie_1786106995576.webp,Pirates\Skull_with_Bow_Tie_1786106995576.webp,Pirates,Skull_with_Bow_Tie_1786106995576.webp,32.8,5.8%,88.5%,TOO_SMALL (32.8KB)
C:\Users\Gebruiker\Desktop\colorvaults\Geupload\Pirates\Skull_with_Bow_Tie_1786106995576_1.webp,Pirates\Skull_with_Bow_Tie_1786106995576_1.webp,Pirates,Skull_with_Bow_Tie_1786106995576_1.webp,33.3,5.8%,88.5%,TOO_SMALL (33.3KB)
C:\Users\Gebruiker\Desktop\colorvaults\Geupload\Pirates\Skull_with_Bow_Tie_1786107088117.webp,Pirates\Skull_with_Bow_Tie_1786107088117.webp,Pirates,Skull_with_Bow_Tie_1786107088117.webp,32.7,4.9%,89.3%,TOO_SMALL (32.7KB)
C:\Users\Gebruiker\Desktop\colorvaults\Geupload\Princesses Castles\Castle_outline_for_coloring.webp,Princesses Castles\Castle_outline_for_coloring.webp,Princesses Castles,Castle_outline_for_coloring.webp,32.6,4.9%,86.8%,TOO_SMALL (32.6KB)
C:\Users\Gebruiker\Desktop\colorvaults\Geupload\Princesses Castles\Castle_outline_for_coloring_1.webp,Princesses Castles\Castle_outline_for_coloring_1.webp,Princesses Castles,Castle_outline_for_coloring_1.webp,32.6,4.9%,86.8%,TOO_SMALL (32.6KB)
C:\Users\Gebruiker\Desktop\colorvaults\Geupload\Princesses Castles\Castle_outline_for_coloring_1784879866902.webp,Princesses Castles\Castle_outline_for_coloring_1784879866902.webp,Princesses Castles,Castle_outline_for_coloring_1784879866902.webp,36.9,6.0%,84.9%,TOO_SMALL (36.9KB)
C:\Users\Gebruiker\Desktop\colorvaults\Geupload\Princesses Castles\Coloring_Page_of_a_Medieval_Castle_1784879866902.webp,Princesses Castles\Coloring_Page_of_a_Medieval_Castle_1784879866902.webp,Princesses Castles,Coloring_Page_of_a_Medieval_Castle_1784879866902.webp,36.9,6.0%,84.9%,TOO_SMALL (36.9KB)
C:\Users\Gebruiker\Desktop\colorvaults\Geupload\Space\Arcade_Game_Machine.webp,Space\Arcade_Game_Machine.webp,Space,Arcade_Game_Machine.webp,35.7,1.2%,85.2%,TOO_SMALL (35.7KB)
C:\Users\Gebruiker\Desktop\colorvaults\Geupload\Space\Arcade_Game_Machine_1.webp,Space\Arcade_Game_Machine_1.webp,Space,Arcade_Game_Machine_1.webp,35.7,1.2%,85.2%,TOO_SMALL (35.7KB)
C:\Users\Gebruiker\Desktop\colorvaults\Geupload\Space\Childs_Nighttime_Sleep_1784892494175.webp,Space\Childs_Nighttime_Sleep_1784892494175.webp,Space,Childs_Nighttime_Sleep_1784892494175.webp,28.6,3.5%,91.0%,TOO_SMALL (28.6KB)
C:\Users\Gebruiker\Desktop\colorvaults\Geupload\Space\Coloring_Page_of_a_Rocket_Ship_1787739824939.webp,Space\Coloring_Page_of_a_Rocket_Ship_1787739824939.webp,Space,Coloring_Page_of_a_Rocket_Ship_1787739824939.webp,36.8,4.4%,85.6%,TOO_SMALL (36.8KB)
C:\Users\Gebruiker\Desktop\colorvaults\Geupload\Space\Coloring_Page_Rocket_Ship.webp,Space\Coloring_Page_Rocket_Ship.webp,Space,Coloring_Page_Rocket_Ship.webp,35.6,3.8%,91.4%,TOO_SMALL (35.6KB)
C:\Users\Gebruiker\Desktop\colorvaults\Geupload\Space\Color_by_Nutmer_1787739814601.webp,Space\Color_by_Nutmer_1787739814601.webp,Space,Color_by_Nutmer_1787739814601.webp,35.5,6.3%,83.2%,TOO_SMALL (35.5KB)
C:\Users\Gebruiker\Desktop\colorvaults\Geupload\Space\Cute_Cupcake_Coloring_Page.webp,Space\Cute_Cupcake_Coloring_Page.webp,Space,Cute_Cupcake_Coloring_Page.webp,36.0,2.8%,90.4%,TOO_SMALL (36.0KB)
C:\Users\Gebruiker\Desktop\colorvaults\Geupload\Space\Cute_Cupcake_Coloring_Page_1.webp,Space\Cute_Cupcake_Coloring_Page_1.webp,Space,Cute_Cupcake_Coloring_Page_1.webp,35.9,2.8%,90.4%,TOO_SMALL (35.9KB)
C:\Users\Gebruiker\Desktop\colorvaults\Geupload\Space\Saturns_Rings_2.webp,Space\Saturns_Rings_2.webp,Space,Saturns_Rings_2.webp,38.1,2.4%,92.4%,TOO_SMALL (38.1KB)
C:\Users\Gebruiker\Desktop\colorvaults\Geupload\Space\Smiling_Marshmallow_Cup.webp,Space\Smiling_Marshmallow_Cup.webp,Space,Smiling_Marshmallow_Cup.webp,37.9,5.5%,89.0%,TOO_SMALL (37.9KB)
C:\Users\Gebruiker\Desktop\colorvaults\Geupload\Space\Smiling_Star_1784876173990.webp,Space\Smiling_Star_1784876173990.webp,Space,Smiling_Star_1784876173990.webp,22.1,3.4%,93.3%,TOO_SMALL (22.1KB)
C:\Users\Gebruiker\Desktop\colorvaults\Geupload\Space\Stylized_Mushroom.webp,Space\Stylized_Mushroom.webp,Space,Stylized_Mushroom.webp,21.0,24.9%,71.3%,TOO_SMALL (21.0KB)
C:\Users\Gebruiker\Desktop\colorvaults\Geupload\Sweet Treats Desserts\Cake_Slice_1784877681135.webp,Sweet Treats Desserts\Cake_Slice_1784877681135.webp,Sweet Treats Desserts,Cake_Slice_1784877681135.webp,24.2,4.4%,91.5%,TOO_SMALL (24.2KB)
C:\Users\Gebruiker\Desktop\colorvaults\Geupload\Sweet Treats Desserts\Cherry_Ice_Cream_Cone_1787743270756.webp,Sweet Treats Desserts\Cherry_Ice_Cream_Cone_1787743270756.webp,Sweet Treats Desserts,Cherry_Ice_Cream_Cone_1787743270756.webp,28.2,2.8%,93.1%,TOO_SMALL (28.2KB)
C:\Users\Gebruiker\Desktop\colorvaults\Geupload\Sweet Treats Desserts\Cherry_Ice_Cream_Cone_1787743301067.webp,Sweet Treats Desserts\Cherry_Ice_Cream_Cone_1787743301067.webp,Sweet Treats Desserts,Cherry_Ice_Cream_Cone_1787743301067.webp,30.4,2.7%,92.3%,TOO_SMALL (30.4KB)
C:\Users\Gebruiker\Desktop\colorvaults\Geupload\Sweet Treats Desserts\Cute_Cupcake.webp,Sweet Treats Desserts\Cute_Cupcake.webp,Sweet Treats Desserts,Cute_Cupcake.webp,25.9,3.6%,91.8%,TOO_SMALL (25.9KB)
C:\Users\Gebruiker\Desktop\colorvaults\Geupload\Sweet Treats Desserts\Cute_Cupcake_1.webp,Sweet Treats Desserts\Cute_Cupcake_1.webp,Sweet Treats Desserts,Cute_Cupcake_1.webp,29.9,4.1%,90.0%,TOO_SMALL (29.9KB)
C:\Users\Gebruiker\Desktop\colorvaults\Geupload\Sweet Treats Desserts\Cute_Cupcake_1787743210149.webp,Sweet Treats Desserts\Cute_Cupcake_1787743210149.webp,Sweet Treats Desserts,Cute_Cupcake_1787743210149.webp,34.0,3.5%,89.8%,TOO_SMALL (34.0KB)
C:\Users\Gebruiker\Desktop\colorvaults\Geupload\Sweet Treats Desserts\Cute_Cupcake_2.webp,Sweet Treats Desserts\Cute_Cupcake_2.webp,Sweet Treats Desserts,Cute_Cupcake_2.webp,25.9,3.6%,91.8%,TOO_SMALL (25.9KB)
C:\Users\Gebruiker\Desktop\colorvaults\Geupload\Sweet Treats Desserts\Cute_Cupcake_3.webp,Sweet Treats Desserts\Cute_Cupcake_3.webp,Sweet Treats Desserts,Cute_Cupcake_3.webp,29.9,4.1%,90.0%,TOO_SMALL (29.9KB)
C:\Users\Gebruiker\Desktop\colorvaults\Geupload\Sweet Treats Desserts\Cute_Cupcake_4.webp,Sweet Treats Desserts\Cute_Cupcake_4.webp,Sweet Treats Desserts,Cute_Cupcake_4.webp,36.8,3.3%,89.2%,TOO_SMALL (36.8KB)
C:\Users\Gebruiker\Desktop\colorvaults\Geupload\Sweet Treats Desserts\Cute_Cupcake_Coloring_Page_1.webp,Sweet Treats Desserts\Cute_Cupcake_Coloring_Page_1.webp,Sweet Treats Desserts,Cute_Cupcake_Coloring_Page_1.webp,36.8,3.3%,89.2%,TOO_SMALL (36.8KB)
C:\Users\Gebruiker\Desktop\colorvaults\Geupload\Sweet Treats Desserts\Ice_Cream_Cone_1787743321263.webp,Sweet Treats Desserts\Ice_Cream_Cone_1787743321263.webp,Sweet Treats Desserts,Ice_Cream_Cone_1787743321263.webp,26.5,3.0%,93.0%,TOO_SMALL (26.5KB)
C:\Users\Gebruiker\Desktop\colorvaults\Geupload\Sweet Treats Desserts\Ice_Cream_Cup_1787742890782.webp,Sweet Treats Desserts\Ice_Cream_Cup_1787742890782.webp,Sweet Treats Desserts,Ice_Cream_Cup_1787742890782.webp,22.2,3.8%,88.5%,TOO_SMALL (22.2KB)
C:\Users\Gebruiker\Desktop\colorvaults\Geupload\Sweet Treats Desserts\Pizza_Slice_Character.webp,Sweet Treats Desserts\Pizza_Slice_Character.webp,Sweet Treats Desserts,Pizza_Slice_Character.webp,23.5,3.1%,93.0%,TOO_SMALL (23.5KB)
C:\Users\Gebruiker\Desktop\colorvaults\Geupload\Sweet Treats Desserts\Pizza_Slice_Character_1.webp,Sweet Treats Desserts\Pizza_Slice_Character_1.webp,Sweet Treats Desserts,Pizza_Slice_Character_1.webp,23.5,3.1%,93.0%,TOO_SMALL (23.5KB)
C:\Users\Gebruiker\Desktop\colorvaults\Geupload\Sweet Treats Desserts\Pizza_Slice_Character_1787743099069.webp,Sweet Treats Desserts\Pizza_Slice_Character_1787743099069.webp,Sweet Treats Desserts,Pizza_Slice_Character_1787743099069.webp,26.7,3.9%,91.8%,TOO_SMALL (26.7KB)
C:\Users\Gebruiker\Desktop\colorvaults\Geupload\Sweet Treats Desserts\Pizza_Slice_Character_1787743159620.webp,Sweet Treats Desserts\Pizza_Slice_Character_1787743159620.webp,Sweet Treats Desserts,Pizza_Slice_Character_1787743159620.webp,29.7,4.7%,90.5%,TOO_SMALL (29.7KB)
C:\Users\Gebruiker\Desktop\colorvaults\Geupload\Sweet Treats Desserts\Pizza_Slice_Character_Coloring_Page.webp,Sweet Treats Desserts\Pizza_Slice_Character_Coloring_Page.webp,Sweet Treats Desserts,Pizza_Slice_Character_Coloring_Page.webp,37.2,6.9%,86.9%,TOO_SMALL (37.2KB)
C:\Users\Gebruiker\Desktop\colorvaults\Geupload\Sweet Treats Desserts\Pizza_Slice_Face.webp,Sweet Treats Desserts\Pizza_Slice_Face.webp,Sweet Treats Desserts,Pizza_Slice_Face.webp,30.7,4.8%,89.7%,TOO_SMALL (30.7KB)
C:\Users\Gebruiker\Desktop\colorvaults\Geupload\Sweet Treats Desserts\Pizza_Slice_Face_1.webp,Sweet Treats Desserts\Pizza_Slice_Face_1.webp,Sweet Treats Desserts,Pizza_Slice_Face_1.webp,30.7,4.8%,89.7%,TOO_SMALL (30.7KB)
C:\Users\Gebruiker\Desktop\colorvaults\Geupload\Sweet Treats Desserts\Pizza_Slice_Face_Coloring_Page.webp,Sweet Treats Desserts\Pizza_Slice_Face_Coloring_Page.webp,Sweet Treats Desserts,Pizza_Slice_Face_Coloring_Page.webp,36.4,6.9%,87.1%,TOO_SMALL (36.4KB)
C:\Users\Gebruiker\Desktop\colorvaults\Geupload\Sweet Treats Desserts\Pizza_Slice_Face_Coloring_Page_1.webp,Sweet Treats Desserts\Pizza_Slice_Face_Coloring_Page_1.webp,Sweet Treats Desserts,Pizza_Slice_Face_Coloring_Page_1.webp,36.4,6.9%,87.1%,TOO_SMALL (36.4KB)
C:\Users\Gebruiker\Desktop\colorvaults\Geupload\Sweet Treats Desserts\Pizza_Slice_Smiley.webp,Sweet Treats Desserts\Pizza_Slice_Smiley.webp,Sweet Treats Desserts,Pizza_Slice_Smiley.webp,30.5,4.2%,90.7%,TOO_SMALL (30.5KB)
C:\Users\Gebruiker\Desktop\colorvaults\Geupload\Sweet Treats Desserts\Pizza_Slice_Smiling.webp,Sweet Treats Desserts\Pizza_Slice_Smiling.webp,Sweet Treats Desserts,Pizza_Slice_Smiling.webp,32.8,2.9%,91.4%,TOO_SMALL (32.8KB)
C:\Users\Gebruiker\Desktop\colorvaults\Geupload\Sweet Treats Desserts\Pizza_Slice_Smiling_1.webp,Sweet Treats Desserts\Pizza_Slice_Smiling_1.webp,Sweet Treats Desserts,Pizza_Slice_Smiling_1.webp,30.5,4.2%,90.7%,TOO_SMALL (30.5KB)
C:\Users\Gebruiker\Desktop\colorvaults\Geupload\Sweet Treats Desserts\Pizza_Slice_Smiling_2.webp,Sweet Treats Desserts\Pizza_Slice_Smiling_2.webp,Sweet Treats Desserts,Pizza_Slice_Smiling_2.webp,31.6,2.7%,91.7%,TOO_SMALL (31.6KB)
C:\Users\Gebruiker\Desktop\colorvaults\Geupload\Sweet Treats Desserts\Pizza_Slice_Smiling_3.webp,Sweet Treats Desserts\Pizza_Slice_Smiling_3.webp,Sweet Treats Desserts,Pizza_Slice_Smiling_3.webp,32.8,2.9%,91.4%,TOO_SMALL (32.8KB)
C:\Users\Gebruiker\Desktop\colorvaults\Geupload\Sweet Treats Desserts\Pizza_Slice_Smiling_Face.webp,Sweet Treats Desserts\Pizza_Slice_Smiling_Face.webp,Sweet Treats Desserts,Pizza_Slice_Smiling_Face.webp,31.5,5.0%,89.7%,TOO_SMALL (31.5KB)
C:\Users\Gebruiker\Desktop\colorvaults\Geupload\Sweet Treats Desserts\Pizza_Slice_Smiling_Face_1.webp,Sweet Treats Desserts\Pizza_Slice_Smiling_Face_1.webp,Sweet Treats Desserts,Pizza_Slice_Smiling_Face_1.webp,37.2,6.9%,86.9%,TOO_SMALL (37.2KB)
C:\Users\Gebruiker\Desktop\colorvaults\Geupload\Sweet Treats Desserts\Pizza_Slice_Smiling_Face_1787743109167.webp,Sweet Treats Desserts\Pizza_Slice_Smiling_Face_1787743109167.webp,Sweet Treats Desserts,Pizza_Slice_Smiling_Face_1787743109167.webp,24.8,2.6%,93.5%,TOO_SMALL (24.8KB)
C:\Users\Gebruiker\Desktop\colorvaults\Geupload\Sweet Treats Desserts\Pizza_Slice_Smiling_Face_1787743149537.webp,Sweet Treats Desserts\Pizza_Slice_Smiling_Face_1787743149537.webp,Sweet Treats Desserts,Pizza_Slice_Smiling_Face_1787743149537.webp,24.2,2.9%,93.0%,TOO_SMALL (24.2KB)
C:\Users\Gebruiker\Desktop\colorvaults\Geupload\Sweet Treats Desserts\Pizza_Slice_Smiling_Face_2.webp,Sweet Treats Desserts\Pizza_Slice_Smiling_Face_2.webp,Sweet Treats Desserts,Pizza_Slice_Smiling_Face_2.webp,31.5,5.0%,89.7%,TOO_SMALL (31.5KB)
C:\Users\Gebruiker\Desktop\colorvaults\Geupload\Sweet Treats Desserts\Pizza_Slice_with_Scissors_1787743119262.webp,Sweet Treats Desserts\Pizza_Slice_with_Scissors_1787743119262.webp,Sweet Treats Desserts,Pizza_Slice_with_Scissors_1787743119262.webp,29.3,4.5%,91.0%,TOO_SMALL (29.3KB)
C:\Users\Gebruiker\Desktop\colorvaults\Geupload\Sweet Treats Desserts\Pizza_Slice_with_Scissors_1787743129340.webp,Sweet Treats Desserts\Pizza_Slice_with_Scissors_1787743129340.webp,Sweet Treats Desserts,Pizza_Slice_with_Scissors_1787743129340.webp,31.3,5.8%,89.1%,TOO_SMALL (31.3KB)
C:\Users\Gebruiker\Desktop\colorvaults\Geupload\Sweet Treats Desserts\Sleeping_Baby_with_Dessert_1786124891552.webp,Sweet Treats Desserts\Sleeping_Baby_with_Dessert_1786124891552.webp,Sweet Treats Desserts,Sleeping_Baby_with_Dessert_1786124891552.webp,37.6,2.2%,89.4%,TOO_SMALL (37.6KB)
C:\Users\Gebruiker\Desktop\colorvaults\Geupload\Sweet Treats Desserts\Sleepy_Donut_Character_1786131798147.webp,Sweet Treats Desserts\Sleepy_Donut_Character_1786131798147.webp,Sweet Treats Desserts,Sleepy_Donut_Character_1786131798147.webp,31.7,2.2%,91.5%,TOO_SMALL (31.7KB)
C:\Users\Gebruiker\Desktop\colorvaults\Geupload\Sweet Treats Desserts\Smiling_Cupcake_1787743169719.webp,Sweet Treats Desserts\Smiling_Cupcake_1787743169719.webp,Sweet Treats Desserts,Smiling_Cupcake_1787743169719.webp,39.5,5.6%,86.5%,TOO_SMALL (39.5KB)
C:\Users\Gebruiker\Desktop\colorvaults\Geupload\Sweet Treats Desserts\Smiling_Cupcake_1787743220257.webp,Sweet Treats Desserts\Smiling_Cupcake_1787743220257.webp,Sweet Treats Desserts,Smiling_Cupcake_1787743220257.webp,37.8,5.8%,85.9%,TOO_SMALL (37.8KB)
C:\Users\Gebruiker\Desktop\colorvaults\Geupload\Sweet Treats Desserts\Smiling_Donut_1787743068773.webp,Sweet Treats Desserts\Smiling_Donut_1787743068773.webp,Sweet Treats Desserts,Smiling_Donut_1787743068773.webp,35.2,5.3%,89.2%,TOO_SMALL (35.2KB)
C:\Users\Gebruiker\Desktop\colorvaults\Geupload\Sweet Treats Desserts\Smiling_Donut_Box.webp,Sweet Treats Desserts\Smiling_Donut_Box.webp,Sweet Treats Desserts,Smiling_Donut_Box.webp,32.2,5.1%,87.9%,TOO_SMALL (32.2KB)
C:\Users\Gebruiker\Desktop\colorvaults\Geupload\Sweet Treats Desserts\Smiling_Donut_Box_1.webp,Sweet Treats Desserts\Smiling_Donut_Box_1.webp,Sweet Treats Desserts,Smiling_Donut_Box_1.webp,32.2,5.1%,87.9%,TOO_SMALL (32.2KB)
C:\Users\Gebruiker\Desktop\colorvaults\Geupload\Sweet Treats Desserts\Smiling_Ice_Cream_Cone_1784877650976.webp,Sweet Treats Desserts\Smiling_Ice_Cream_Cone_1784877650976.webp,Sweet Treats Desserts,Smiling_Ice_Cream_Cone_1784877650976.webp,26.7,4.2%,91.9%,TOO_SMALL (26.7KB)
C:\Users\Gebruiker\Desktop\colorvaults\Geupload\Sweet Treats Desserts\Smiling_Ice_Cream_Cone_1786124873448.webp,Sweet Treats Desserts\Smiling_Ice_Cream_Cone_1786124873448.webp,Sweet Treats Desserts,Smiling_Ice_Cream_Cone_1786124873448.webp,36.4,3.7%,90.4%,TOO_SMALL (36.4KB)
C:\Users\Gebruiker\Desktop\colorvaults\Geupload\Sweet Treats Desserts\Smiling_Ice_Cream_Cone_1787743351590.webp,Sweet Treats Desserts\Smiling_Ice_Cream_Cone_1787743351590.webp,Sweet Treats Desserts,Smiling_Ice_Cream_Cone_1787743351590.webp,31.1,4.1%,91.4%,TOO_SMALL (31.1KB)
C:\Users\Gebruiker\Desktop\colorvaults\Geupload\Sweet Treats Desserts\Smiling_Ice_Cream_Cone_1787743361705.webp,Sweet Treats Desserts\Smiling_Ice_Cream_Cone_1787743361705.webp,Sweet Treats Desserts,Smiling_Ice_Cream_Cone_1787743361705.webp,33.5,2.9%,89.7%,TOO_SMALL (33.5KB)
C:\Users\Gebruiker\Desktop\colorvaults\Geupload\Sweet Treats Desserts\Spiral_Lollipop_Coloring_Page_1784877669064.webp,Sweet Treats Desserts\Spiral_Lollipop_Coloring_Page_1784877669064.webp,Sweet Treats Desserts,Spiral_Lollipop_Coloring_Page_1784877669064.webp,31.9,4.4%,90.9%,TOO_SMALL (31.9KB)
C:\Users\Gebruiker\Desktop\colorvaults\Geupload\Sweet Treats Desserts\Sprinkled_Donut_1787742971535.webp,Sweet Treats Desserts\Sprinkled_Donut_1787742971535.webp,Sweet Treats Desserts,Sprinkled_Donut_1787742971535.webp,38.2,4.1%,89.5%,TOO_SMALL (38.2KB)
C:\Users\Gebruiker\Desktop\colorvaults\Geupload\Sweet Treats Desserts\Sprinkled_Donut_1787743008165.webp,Sweet Treats Desserts\Sprinkled_Donut_1787743008165.webp,Sweet Treats Desserts,Sprinkled_Donut_1787743008165.webp,37.7,4.4%,89.3%,TOO_SMALL (37.7KB)
C:\Users\Gebruiker\Desktop\colorvaults\Geupload\Sweet Treats Desserts\Sprinkled_Donut_1787743028375.webp,Sweet Treats Desserts\Sprinkled_Donut_1787743028375.webp,Sweet Treats Desserts,Sprinkled_Donut_1787743028375.webp,39.4,5.0%,88.1%,TOO_SMALL (39.4KB)
C:\Users\Gebruiker\Desktop\colorvaults\Geupload\Underwater Lost Cities\Anchor_and_Seashell_1784881744576.webp,Underwater Lost Cities\Anchor_and_Seashell_1784881744576.webp,Underwater Lost Cities,Anchor_and_Seashell_1784881744576.webp,34.1,4.6%,89.7%,TOO_SMALL (34.1KB)
C:\Users\Gebruiker\Desktop\colorvaults\Geupload\Unicorns\Cloud-Sitting_Unicorn_1784878749848.webp,Unicorns\Cloud-Sitting_Unicorn_1784878749848.webp,Unicorns,Cloud-Sitting_Unicorn_1784878749848.webp,36.3,2.9%,92.2%,TOO_SMALL (36.3KB)
C:\Users\Gebruiker\Desktop\colorvaults\Geupload\Unicorns\Flying_Unicorn_1784878804185.webp,Unicorns\Flying_Unicorn_1784878804185.webp,Unicorns,Flying_Unicorn_1784878804185.webp,37.6,2.4%,92.3%,TOO_SMALL (37.6KB)
C:\Users\Gebruiker\Desktop\colorvaults\Geupload\Unicorns\Flying_Unicorn_1784878804185_1.webp,Unicorns\Flying_Unicorn_1784878804185_1.webp,Unicorns,Flying_Unicorn_1784878804185_1.webp,37.6,2.4%,92.3%,TOO_SMALL (37.6KB)
C:\Users\Gebruiker\Desktop\colorvaults\Geupload\Unicorns\Winged_Unicorn_Riding_Clouds_1784878749848.webp,Unicorns\Winged_Unicorn_Riding_Clouds_1784878749848.webp,Unicorns,Winged_Unicorn_Riding_Clouds_1784878749848.webp,36.3,2.9%,92.2%,TOO_SMALL (36.3KB)
